playerId,season,name,team,position,situation,icetime,xGoals,goals,unblocked_shot_attempts,xRebounds,rebounds,xFreeze,freeze,xOnGoal,ongoal,xPlayStopped,playStopped,xPlayContinuedInZone,playContinuedInZone,xPlayContinuedOutsideZone,playContinuedOutsideZone,flurryAdjustedxGoals,lowDangerShots,mediumDangerShots,highDangerShots,lowDangerxGoals,mediumDangerxGoals,highDangerxGoals,lowDangerGoals,mediumDangerGoals,highDangerGoals,blocked_shot_attempts,penalityMinutes,penalties,cap_hit,team_rank
8478048,2023,Igor Shesterkin,NYR,G,other,5250.0,8.43,5.0,129.0,5.32,9.0,14.44,11.0,67.93,67.0,2.35,3.0,37.71,33.0,21.8,32.0,7.66,60.0,16.0,14.0,2.51,1.87,4.05,3.0,1.0,1.0,39.0,0.0,0.0,5666667,1
8478048,2023,Igor Shesterkin,NYR,G,all,196626.0,153.08,141.0,3231.0,113.42,191.0,420.72,277.0,1681.25,1607.0,59.92,11.0,903.9,791.0,661.18,898.0,144.44,1746.0,395.0,169.0,48.54,49.42,55.12,52.0,52.0,37.0,921.0,6.0,3.0,5666667,1
8478048,2023,Igor Shesterkin,NYR,G,5on5,161016.0,109.5,106.0,2636.0,87.41,149.0,351.7,230.0,1357.47,1295.0,45.77,6.0,728.65,640.0,545.12,734.0,105.26,1446.0,315.0,108.0,38.83,40.25,30.43,46.0,40.0,20.0,767.0,6.0,3.0,5666667,1
8478048,2023,Igor Shesterkin,NYR,G,4on5,15162.0,31.02,26.0,382.0,18.02,31.0,46.04,30.0,204.84,187.0,1.72,1.0,117.46,109.0,60.54,82.0,27.56,183.0,54.0,43.0,5.41,6.21,19.39,1.0,9.0,16.0,102.0,0.0,0.0,5666667,1
8478048,2023,Igor Shesterkin,NYR,G,5on4,15198.0,2.17,3.0,60.0,1.69,0.0,5.53,3.0,36.01,43.0,9.79,1.0,13.03,5.0,27.25,40.0,2.15,42.0,7.0,2.0,0.98,0.78,0.41,1.0,2.0,0.0,9.0,0.0,0.0,5666667,1
8479979,2023,Jake Oettinger,DAL,G,other,5249.0,12.32,9.0,186.0,7.77,10.0,20.86,14.0,98.61,95.0,1.96,0.0,59.87,64.0,30.5,38.0,11.61,86.0,35.0,14.0,3.43,4.14,4.75,3.0,2.0,4.0,51.0,0.0,0.0,4000000,2
8479979,2023,Jake Oettinger,DAL,G,all,185075.0,141.95,140.0,2986.0,103.79,123.0,377.88,339.0,1565.69,1476.0,58.55,6.0,847.07,748.0,624.09,791.0,136.16,1592.0,411.0,144.0,43.63,51.22,47.11,45.0,61.0,34.0,839.0,2.0,1.0,4000000,2
8479979,2023,Jake Oettinger,DAL,G,5on5,152338.0,99.48,105.0,2348.0,75.13,97.0,308.14,273.0,1216.92,1119.0,46.72,5.0,648.46,562.0,497.35,628.0,96.06,1272.0,301.0,96.0,33.54,38.03,27.91,38.0,50.0,17.0,679.0,2.0,1.0,4000000,2
8479979,2023,Jake Oettinger,DAL,G,4on5,13919.0,27.21,25.0,392.0,18.98,16.0,42.53,49.0,209.47,215.0,1.27,0.0,125.0,112.0,66.54,83.0,25.59,190.0,65.0,32.0,5.52,7.95,13.74,4.0,8.0,13.0,105.0,0.0,0.0,4000000,2
8479979,2023,Jake Oettinger,DAL,G,5on4,13569.0,2.73,1.0,58.0,1.82,0.0,6.12,3.0,39.05,45.0,8.47,0.0,13.08,10.0,28.98,40.0,2.69,44.0,8.0,2.0,1.15,0.87,0.72,0.0,1.0,0.0,4.0,0.0,0.0,4000000,2
8477968,2023,Alex Nedeljkovic,PIT,G,other,3279.0,8.06,5.0,124.0,4.76,6.0,13.37,13.0,63.31,57.0,1.38,1.0,36.91,38.0,20.7,24.0,7.62,56.0,23.0,7.0,2.39,2.94,2.74,1.0,3.0,1.0,38.0,0.0,0.0,1500000,19
8477968,2023,Alex Nedeljkovic,PIT,G,all,123628.0,98.7,102.0,2138.0,75.05,111.0,274.01,229.0,1119.68,1039.0,39.39,7.0,605.31,561.0,447.17,528.0,93.87,1168.0,281.0,89.0,34.05,35.64,29.02,33.0,41.0,28.0,600.0,0.0,0.0,1500000,19
8477968,2023,Alex Nedeljkovic,PIT,G,5on5,100181.0,69.38,74.0,1688.0,55.88,93.0,223.38,178.0,873.65,800.0,30.7,4.0,469.74,437.0,353.85,414.0,66.86,932.0,210.0,60.0,25.94,26.4,17.05,27.0,31.0,16.0,486.0,0.0,0.0,1500000,19
8477968,2023,Alex Nedeljkovic,PIT,G,4on5,8973.0,17.91,19.0,264.0,12.46,10.0,31.34,37.0,143.74,145.0,0.72,0.0,85.28,77.0,44.45,52.0,16.14,136.0,42.0,18.0,4.24,5.55,8.13,3.0,7.0,9.0,68.0,0.0,0.0,1500000,19
8477968,2023,Alex Nedeljkovic,PIT,G,5on4,11195.0,3.07,2.0,60.0,1.84,2.0,5.55,1.0,37.39,35.0,6.59,2.0,12.81,9.0,27.56,38.0,2.96,43.0,6.0,3.0,1.46,0.75,0.87,1.0,0.0,1.0,8.0,0.0,0.0,1500000,19
8477967,2023,Thatcher Demko,VAN,G,other,5160.0,18.31,8.0,165.0,7.66,18.0,18.87,15.0,97.19,93.0,1.56,2.0,52.86,55.0,26.77,32.0,15.38,73.0,28.0,27.0,2.77,3.7,11.85,1.0,2.0,5.0,37.0,0.0,0.0,5000000,6
8477967,2023,Thatcher Demko,VAN,G,all,180953.0,144.99,123.0,2825.0,104.77,170.0,369.41,313.0,1523.35,1492.0,50.72,7.0,823.92,764.0,596.91,719.0,137.18,1564.0,351.0,177.0,42.43,43.86,58.7,49.0,35.0,39.0,733.0,0.0,0.0,5000000,6
8477967,2023,Thatcher Demko,VAN,G,5on5,145778.0,95.68,86.0,2148.0,73.12,122.0,291.68,247.0,1142.09,1113.0,40.13,4.0,615.27,559.0,463.98,563.0,92.52,1209.0,262.0,108.0,32.19,33.02,30.48,40.0,28.0,18.0,569.0,0.0,0.0,5000000,6
8477967,2023,Thatcher Demko,VAN,G,4on5,15547.0,26.51,24.0,444.0,21.7,28.0,51.35,46.0,236.31,235.0,1.3,0.0,139.49,133.0,73.32,88.0,24.92,235.0,50.0,35.0,6.22,6.09,14.2,6.0,5.0,13.0,124.0,0.0,0.0,5000000,6
8477967,2023,Thatcher Demko,VAN,G,5on4,14468.0,4.01,5.0,59.0,1.96,2.0,6.23,4.0,41.44,46.0,7.57,1.0,13.21,15.0,29.23,30.0,3.88,40.0,9.0,7.0,0.96,0.87,2.17,2.0,0.0,3.0,3.0,0.0,0.0,5000000,6
8476999,2023,Linus Ullmark,BOS,G,other,4422.0,11.52,14.0,133.0,6.8,11.0,16.85,15.0,81.49,74.0,2.15,1.0,44.45,37.0,25.45,30.0,10.75,62.0,28.0,18.0,2.37,3.45,5.71,3.0,4.0,7.0,25.0,0.0,0.0,5000000,7
8476999,2023,Linus Ullmark,BOS,G,all,144008.0,117.75,103.0,2428.0,87.8,124.0,314.21,272.0,1288.49,1208.0,39.28,9.0,693.26,662.0,509.28,598.0,112.03,1347.0,280.0,139.0,38.94,35.7,43.11,34.0,28.0,41.0,662.0,2.0,1.0,5000000,7
8476999,2023,Linus Ullmark,BOS,G,5on5,117603.0,81.31,66.0,1948.0,63.93,89.0,256.83,224.0,1006.69,947.0,29.89,7.0,542.91,526.0,407.91,476.0,77.97,1090.0,216.0,81.0,31.33,27.69,22.29,29.0,21.0,16.0,561.0,2.0,1.0,5000000,7
8476999,2023,Linus Ullmark,BOS,G,4on5,11244.0,19.9,20.0,289.0,14.77,21.0,34.64,28.0,159.29,144.0,0.93,0.0,92.95,85.0,50.22,64.0,18.55,161.0,25.0,32.0,3.99,3.1,12.81,2.0,1.0,17.0,71.0,0.0,0.0,5000000,7
8476999,2023,Linus Ullmark,BOS,G,5on4,10739.0,4.19,3.0,50.0,1.92,2.0,4.93,4.0,35.85,39.0,6.12,1.0,10.36,13.0,23.62,24.0,3.96,30.0,9.0,7.0,1.03,1.21,1.95,0.0,2.0,1.0,4.0,0.0,0.0,5000000,7
8478009,2023,Ilya Sorokin,NYI,G,other,4645.0,17.51,17.0,177.0,7.18,17.0,18.78,15.0,95.96,94.0,1.4,1.0,51.29,44.0,28.87,34.0,14.1,75.0,26.0,26.0,2.82,3.23,11.47,5.0,3.0,9.0,50.0,0.0,0.0,8250000,15
8478009,2023,Ilya Sorokin,NYI,G,all,199559.0,168.43,167.0,3697.0,125.4,200.0,464.19,352.0,1878.25,1822.0,57.65,3.0,1014.75,951.0,744.53,908.0,159.2,2005.0,375.0,201.0,53.62,46.7,68.11,70.0,50.0,47.0,1116.0,0.0,0.0,8250000,15
8478009,2023,Ilya Sorokin,NYI,G,5on5,167942.0,115.85,110.0,3010.0,95.13,146.0,386.85,295.0,1505.24,1451.0,48.1,1.0,814.69,764.0,613.5,760.0,111.8,1669.0,282.0,126.0,44.65,35.08,36.13,57.0,36.0,17.0,933.0,0.0,0.0,8250000,15
8478009,2023,Ilya Sorokin,NYI,G,4on5,13200.0,29.53,38.0,430.0,20.31,30.0,49.47,36.0,225.17,224.0,0.92,0.0,131.26,127.0,69.91,76.0,28.19,213.0,53.0,42.0,4.82,6.5,18.22,8.0,9.0,21.0,122.0,0.0,0.0,8250000,15
8478009,2023,Ilya Sorokin,NYI,G,5on4,13772.0,3.9,1.0,65.0,2.05,6.0,7.06,5.0,41.29,42.0,6.88,1.0,13.64,12.0,27.9,32.0,3.55,43.0,8.0,5.0,1.18,1.08,1.64,0.0,1.0,0.0,9.0,0.0,0.0,8250000,15
8478872,2023,Karel Vejmelka,ARI,G,other,3440.0,9.62,10.0,96.0,4.44,6.0,11.03,11.0,57.37,54.0,1.15,0.0,31.33,28.0,17.58,21.0,8.52,42.0,18.0,16.0,1.56,2.3,5.76,3.0,2.0,5.0,20.0,0.0,0.0,2725000,27
8478872,2023,Karel Vejmelka,ARI,G,all,122408.0,107.33,114.0,2110.0,76.7,112.0,272.42,230.0,1131.27,1091.0,32.71,1.0,611.81,526.0,450.16,570.0,99.55,1166.0,276.0,115.0,34.02,34.07,39.24,48.0,35.0,31.0,553.0,2.0,1.0,2725000,27
8478872,2023,Karel Vejmelka,ARI,G,5on5,98387.0,72.72,80.0,1635.0,55.77,82.0,218.35,184.0,869.97,843.0,26.32,0.0,468.69,400.0,354.07,448.0,69.85,924.0,205.0,70.0,26.86,25.38,20.49,40.0,25.0,15.0,436.0,2.0,1.0,2725000,27
8478872,2023,Karel Vejmelka,ARI,G,4on5,10233.0,22.82,20.0,328.0,14.89,23.0,37.75,33.0,170.18,157.0,0.75,0.0,100.38,93.0,54.08,67.0,19.02,162.0,45.0,29.0,4.43,5.4,12.99,3.0,6.0,11.0,92.0,0.0,0.0,2725000,27
8478872,2023,Karel Vejmelka,ARI,G,5on4,10348.0,2.02,4.0,48.0,1.46,1.0,4.89,2.0,31.52,35.0,4.45,1.0,10.42,5.0,23.19,31.0,2.01,35.0,8.0,0.0,1.02,1.0,0.0,2.0,2.0,0.0,5.0,0.0,0.0,2725000,27
8480280,2023,Jeremy Swayman,BOS,G,other,5442.0,11.14,15.0,156.0,6.65,9.0,17.37,15.0,83.58,77.0,1.69,2.0,49.1,38.0,26.68,35.0,9.91,71.0,29.0,14.0,2.72,3.39,5.03,3.0,6.0,6.0,42.0,0.0,0.0,3475000,7
8480280,2023,Jeremy Swayman,BOS,G,all,153951.0,126.41,108.0,2649.0,94.03,139.0,341.92,310.0,1387.57,1287.0,42.55,5.0,744.02,669.0,543.82,660.0,120.44,1405.0,344.0,149.0,37.92,42.95,45.54,34.0,37.0,37.0,751.0,0.0,0.0,3475000,7
8480280,2023,Jeremy Swayman,BOS,G,5on5,123097.0,87.53,69.0,2061.0,67.55,109.0,276.9,247.0,1067.18,974.0,33.48,3.0,566.5,520.0,428.8,510.0,84.09,1125.0,243.0,96.0,29.74,30.9,26.9,27.0,23.0,19.0,597.0,0.0,0.0,3475000,7
8480280,2023,Jeremy Swayman,BOS,G,4on5,13360.0,21.71,21.0,355.0,16.99,16.0,39.23,45.0,185.71,185.0,1.26,0.0,109.12,95.0,58.63,75.0,20.49,169.0,54.0,29.0,4.29,6.6,10.81,3.0,7.0,11.0,103.0,0.0,0.0,3475000,7
8480280,2023,Jeremy Swayman,BOS,G,5on4,12052.0,4.07,2.0,54.0,1.94,3.0,5.55,2.0,37.58,39.0,5.99,0.0,11.58,9.0,24.68,32.0,4.03,31.0,10.0,8.0,0.67,1.2,2.2,0.0,1.0,1.0,5.0,0.0,0.0,3475000,7
8476945,2023,Connor Hellebuyck,WPG,G,other,4669.0,13.4,11.0,164.0,6.98,13.0,15.42,11.0,81.73,79.0,1.56,0.0,49.61,47.0,21.61,28.0,11.32,61.0,26.0,23.0,2.3,3.45,7.65,3.0,0.0,8.0,54.0,0.0,0.0,8500000,4
8476945,2023,Connor Hellebuyck,WPG,G,all,214040.0,175.12,142.0,3495.0,127.43,222.0,461.87,365.0,1864.27,1798.0,60.9,4.0,1012.27,880.0,730.09,959.0,164.85,1919.0,448.0,203.0,51.73,56.54,66.85,46.0,43.0,53.0,925.0,2.0,1.0,8500000,4
8476945,2023,Connor Hellebuyck,WPG,G,5on5,174769.0,120.21,92.0,2773.0,94.23,176.0,381.51,301.0,1472.55,1420.0,49.64,4.0,792.49,683.0,594.68,779.0,114.04,1571.0,338.0,124.0,42.29,42.35,35.57,40.0,32.0,20.0,740.0,2.0,1.0,8500000,4
8476945,2023,Connor Hellebuyck,WPG,G,4on5,15980.0,37.53,35.0,492.0,24.06,33.0,58.41,49.0,265.54,256.0,1.38,0.0,156.45,140.0,83.5,112.0,35.52,249.0,68.0,52.0,6.31,8.68,22.54,2.0,8.0,25.0,123.0,0.0,0.0,8500000,4
8476945,2023,Connor Hellebuyck,WPG,G,5on4,18622.0,3.68,4.0,64.0,2.02,0.0,6.33,3.0,42.69,41.0,8.21,0.0,13.1,10.0,29.63,39.0,3.67,38.0,14.0,4.0,0.83,1.75,1.1,1.0,3.0,0.0,8.0,0.0,0.0,8500000,4
8482661,2023,Jesper Wallstedt,MIN,G,other,305.0,0.4,1.0,6.0,0.32,0.0,0.73,0.0,4.37,3.0,0.11,0.0,2.69,1.0,1.73,4.0,0.4,3.0,3.0,0.0,0.08,0.32,0.0,0.0,1.0,0.0,0.0,0.0,0.0,925000,20
8482661,2023,Jesper Wallstedt,MIN,G,all,10757.0,6.33,9.0,166.0,5.25,4.0,21.54,17.0,83.83,87.0,3.23,0.0,48.71,40.0,34.33,49.0,6.11,96.0,18.0,5.0,2.72,2.13,1.48,6.0,2.0,1.0,47.0,0.0,0.0,925000,20
8482661,2023,Jesper Wallstedt,MIN,G,5on5,9551.0,5.03,8.0,146.0,4.37,4.0,19.8,16.0,73.83,79.0,2.79,0.0,41.81,35.0,30.5,41.0,4.82,89.0,11.0,4.0,2.44,1.36,1.22,6.0,1.0,1.0,42.0,0.0,0.0,925000,20
8482661,2023,Jesper Wallstedt,MIN,G,4on5,545.0,0.65,0.0,13.0,0.47,0.0,0.92,1.0,4.71,5.0,0.09,0.0,3.96,4.0,1.8,3.0,0.63,4.0,4.0,0.0,0.2,0.45,0.0,0.0,0.0,0.0,5.0,0.0,0.0,925000,20
8482661,2023,Jesper Wallstedt,MIN,G,5on4,356.0,0.26,0.0,1.0,0.08,0.0,0.09,0.0,0.93,0.0,0.23,0.0,0.25,0.0,0.3,1.0,0.26,0.0,0.0,1.0,0.0,0.0,0.26,0.0,0.0,0.0,0.0,0.0,0.0,925000,20
8478007,2023,Elvis Merzlikins,CBJ,G,other,3185.0,6.67,10.0,124.0,5.71,7.0,14.12,15.0,68.59,58.0,1.35,0.0,40.96,34.0,22.94,27.0,6.22,61.0,26.0,6.0,2.23,2.99,1.45,3.0,5.0,2.0,31.0,0.0,0.0,5400000,29
8478007,2023,Elvis Merzlikins,CBJ,G,all,135520.0,123.65,130.0,2546.0,91.12,154.0,313.63,240.0,1308.3,1266.0,42.82,7.0,709.78,657.0,511.77,613.0,117.77,1292.0,366.0,137.0,37.95,45.27,40.44,48.0,52.0,30.0,751.0,4.0,2.0,5400000,29
8478007,2023,Elvis Merzlikins,CBJ,G,5on5,111944.0,96.41,95.0,2044.0,68.49,135.0,255.16,195.0,1030.31,1003.0,34.25,7.0,548.41,507.0,407.42,478.0,92.03,1017.0,286.0,108.0,30.05,36.03,30.33,39.0,39.0,17.0,633.0,2.0,1.0,5400000,29
8478007,2023,Elvis Merzlikins,CBJ,G,4on5,9808.0,16.63,20.0,321.0,14.72,11.0,37.84,29.0,169.14,161.0,0.99,0.0,105.97,100.0,55.87,77.0,15.68,174.0,47.0,16.0,4.57,5.4,6.67,4.0,8.0,8.0,84.0,0.0,0.0,5400000,29
8478007,2023,Elvis Merzlikins,CBJ,G,5on4,10583.0,2.47,2.0,46.0,1.6,0.0,5.07,1.0,32.35,35.0,6.14,0.0,10.97,13.0,22.76,28.0,2.46,35.0,6.0,3.0,0.97,0.68,0.82,1.0,0.0,1.0,2.0,0.0,0.0,5400000,29
8470594,2023,Marc-Andre Fleury,MIN,G,other,3307.0,6.53,6.0,105.0,4.19,3.0,10.98,7.0,54.82,49.0,1.05,0.0,33.86,42.0,18.49,18.0,5.98,48.0,22.0,6.0,1.74,2.7,2.09,0.0,4.0,2.0,29.0,0.0,0.0,2500000,20
8470594,2023,Marc-Andre Fleury,MIN,G,all,133960.0,99.89,111.0,2163.0,75.91,82.0,265.28,200.0,1111.62,1056.0,38.93,6.0,618.75,562.0,445.78,578.0,96.29,1175.0,267.0,101.0,33.01,33.25,33.62,45.0,35.0,31.0,620.0,4.0,2.0,2500000,20
8470594,2023,Marc-Andre Fleury,MIN,G,5on5,107757.0,65.17,64.0,1672.0,54.57,60.0,213.44,169.0,853.39,802.0,28.44,3.0,470.71,415.0,352.57,469.0,63.61,944.0,180.0,61.0,26.22,22.3,16.66,34.0,20.0,10.0,487.0,4.0,2.0,2500000,20
8470594,2023,Marc-Andre Fleury,MIN,G,4on5,10439.0,24.23,33.0,338.0,15.57,18.0,36.38,22.0,172.43,171.0,0.76,0.0,104.55,102.0,55.34,65.0,22.86,159.0,56.0,27.0,4.4,6.93,12.89,9.0,7.0,17.0,96.0,0.0,0.0,2500000,20
8470594,2023,Marc-Andre Fleury,MIN,G,5on4,12457.0,3.58,7.0,42.0,1.35,1.0,3.73,1.0,27.09,29.0,8.51,3.0,7.97,2.0,17.51,24.0,3.48,21.0,7.0,7.0,0.54,1.05,1.98,2.0,3.0,2.0,7.0,0.0,0.0,2500000,20
8475852,2023,Petr Mrazek,CHI,G,other,4622.0,11.3,4.0,134.0,4.85,8.0,13.6,16.0,68.19,63.0,0.84,0.0,38.61,36.0,22.3,29.0,10.45,50.0,28.0,15.0,2.3,3.48,5.52,1.0,2.0,1.0,41.0,0.0,0.0,4250000,31
8475852,2023,Petr Mrazek,CHI,G,all,189160.0,161.6,160.0,3366.0,120.17,171.0,424.47,321.0,1763.8,1725.0,46.27,4.0,966.18,880.0,707.39,899.0,154.77,1834.0,437.0,168.0,53.85,54.16,53.59,62.0,64.0,34.0,927.0,4.0,2.0,4250000,31
8475852,2023,Petr Mrazek,CHI,G,5on5,156144.0,121.09,115.0,2810.0,94.21,137.0,364.23,271.0,1458.13,1420.0,36.91,4.0,798.87,743.0,595.64,749.0,116.57,1572.0,334.0,117.0,46.17,41.57,33.35,57.0,43.0,15.0,787.0,4.0,2.0,4250000,31
8475852,2023,Petr Mrazek,CHI,G,4on5,13740.0,25.5,32.0,354.0,18.76,26.0,40.28,29.0,195.27,196.0,1.01,0.0,114.49,93.0,60.43,86.0,24.05,170.0,63.0,33.0,4.12,7.51,13.88,1.0,15.0,16.0,88.0,0.0,0.0,4250000,31
8475852,2023,Petr Mrazek,CHI,G,5on4,14654.0,3.2,7.0,60.0,2.07,0.0,5.72,4.0,38.31,41.0,7.37,0.0,12.67,8.0,27.12,33.0,3.19,39.0,10.0,3.0,1.13,1.22,0.85,3.0,2.0,2.0,8.0,0.0,0.0,4250000,31
8480193,2023,Daniil Tarasov,CBJ,G,other,1831.0,7.01,6.0,59.0,2.67,3.0,6.93,5.0,38.36,37.0,0.65,0.0,21.72,23.0,11.4,13.0,5.94,29.0,12.0,10.0,1.34,1.52,4.15,4.0,0.0,2.0,8.0,0.0,0.0,1050000,29
8480193,2023,Daniil Tarasov,CBJ,G,all,82588.0,73.04,73.0,1476.0,54.33,84.0,194.1,162.0,801.96,796.0,22.9,2.0,437.82,384.0,310.92,390.0,68.79,833.0,184.0,80.0,24.4,23.33,25.31,40.0,21.0,12.0,379.0,0.0,0.0,1050000,29
8480193,2023,Daniil Tarasov,CBJ,G,5on5,68685.0,53.55,48.0,1187.0,40.63,71.0,160.16,136.0,634.62,634.0,18.36,1.0,340.65,292.0,252.69,319.0,51.24,672.0,140.0,57.0,19.94,18.12,15.48,30.0,15.0,3.0,318.0,0.0,0.0,1050000,29
8480193,2023,Daniil Tarasov,CBJ,G,4on5,5943.0,11.0,16.0,205.0,10.17,10.0,24.58,21.0,112.31,105.0,0.43,0.0,69.69,65.0,34.85,42.0,10.15,119.0,22.0,13.0,2.74,2.58,5.68,5.0,4.0,7.0,51.0,0.0,0.0,1050000,29
8480193,2023,Daniil Tarasov,CBJ,G,5on4,6129.0,1.27,2.0,23.0,0.78,0.0,2.22,0.0,15.2,18.0,3.43,1.0,5.02,3.0,11.27,16.0,1.27,13.0,8.0,0.0,0.38,0.9,0.0,1.0,1.0,0.0,2.0,0.0,0.0,1050000,29
8480947,2023,Kevin Lankinen,NSH,G,other,1515.0,3.68,5.0,46.0,1.87,4.0,4.68,3.0,23.38,24.0,0.32,0.0,14.04,12.0,6.76,8.0,3.3,18.0,7.0,7.0,0.65,0.91,2.13,1.0,2.0,2.0,14.0,0.0,0.0,2000000,11
8480947,2023,Kevin Lankinen,NSH,G,all,71485.0,60.08,56.0,1148.0,40.99,67.0,147.49,117.0,608.28,610.0,23.65,3.0,323.45,270.0,237.27,318.0,57.45,590.0,172.0,68.0,17.93,21.1,21.05,18.0,21.0,17.0,318.0,0.0,0.0,2000000,11
8480947,2023,Kevin Lankinen,NSH,G,5on5,57870.0,41.19,32.0,927.0,31.04,45.0,121.67,101.0,482.43,488.0,19.75,3.0,258.44,228.0,192.43,253.0,39.83,490.0,134.0,37.0,14.47,16.34,10.38,11.0,13.0,8.0,266.0,0.0,0.0,2000000,11
8480947,2023,Kevin Lankinen,NSH,G,4on5,5504.0,13.45,19.0,150.0,7.33,16.0,18.5,10.0,83.77,79.0,0.31,0.0,45.7,28.0,25.02,40.0,12.59,64.0,29.0,20.0,2.45,3.5,7.49,6.0,6.0,7.0,37.0,0.0,0.0,2000000,11
8480947,2023,Kevin Lankinen,NSH,G,5on4,6596.0,1.75,0.0,25.0,0.74,2.0,2.65,3.0,18.7,19.0,3.28,0.0,5.27,2.0,13.07,17.0,1.73,18.0,2.0,4.0,0.35,0.35,1.05,0.0,0.0,0.0,1.0,0.0,0.0,2000000,11
8478492,2023,Ilya Samsonov,TOR,G,other,3581.0,9.13,14.0,139.0,5.06,5.0,14.46,12.0,72.73,66.0,1.91,1.0,41.14,39.0,25.7,28.0,8.28,63.0,23.0,12.0,2.7,2.47,3.97,4.0,6.0,4.0,41.0,0.0,0.0,3550000,10
8478492,2023,Ilya Samsonov,TOR,G,all,138058.0,111.86,120.0,2320.0,81.03,124.0,300.49,237.0,1212.7,1087.0,40.98,5.0,651.89,628.0,472.82,548.0,107.41,1251.0,272.0,136.0,34.27,32.97,44.63,44.0,41.0,35.0,661.0,0.0,0.0,3550000,10
8478492,2023,Ilya Samsonov,TOR,G,5on5,112823.0,76.86,77.0,1779.0,59.25,101.0,242.45,178.0,923.82,815.0,32.08,4.0,493.57,488.0,362.39,421.0,73.91,978.0,197.0,91.0,26.54,24.51,25.8,35.0,28.0,14.0,513.0,0.0,0.0,3550000,10
8478492,2023,Ilya Samsonov,TOR,G,4on5,11424.0,20.11,25.0,323.0,13.94,13.0,35.58,40.0,165.72,158.0,1.31,0.0,100.57,84.0,54.36,67.0,19.55,170.0,37.0,23.0,3.82,4.3,11.99,4.0,6.0,15.0,93.0,0.0,0.0,3550000,10
8478492,2023,Ilya Samsonov,TOR,G,5on4,10230.0,4.52,2.0,64.0,2.18,5.0,6.36,4.0,41.38,39.0,5.47,0.0,12.21,14.0,26.53,28.0,4.42,32.0,12.0,9.0,0.92,1.34,2.26,0.0,1.0,1.0,11.0,0.0,0.0,3550000,10
8479312,2023,Alex Lyon,DET,G,other,3592.0,6.9,4.0,95.0,3.21,5.0,9.23,6.0,45.85,45.0,1.35,0.0,25.09,32.0,16.87,16.0,6.31,32.0,23.0,8.0,1.37,3.11,2.42,2.0,2.0,0.0,32.0,0.0,0.0,900000,18
8479312,2023,Alex Lyon,DET,G,all,149931.0,129.11,127.0,2696.0,91.37,127.0,339.3,262.0,1381.44,1325.0,40.1,2.0,751.01,739.0,552.87,647.0,122.4,1443.0,338.0,129.0,40.58,41.59,46.94,46.0,51.0,30.0,786.0,2.0,1.0,900000,18
8479312,2023,Alex Lyon,DET,G,5on5,122768.0,86.72,92.0,2168.0,69.74,100.0,282.84,217.0,1093.26,1054.0,30.69,1.0,598.35,583.0,441.38,517.0,83.55,1181.0,260.0,75.0,33.42,32.45,20.85,37.0,41.0,14.0,652.0,2.0,1.0,900000,18
8479312,2023,Alex Lyon,DET,G,4on5,10517.0,30.94,24.0,350.0,15.81,21.0,38.68,34.0,187.67,166.0,0.87,0.0,109.09,109.0,57.43,69.0,28.04,180.0,36.0,42.0,4.55,3.94,22.45,4.0,4.0,16.0,92.0,0.0,0.0,900000,18
8479312,2023,Alex Lyon,DET,G,5on4,13054.0,3.5,5.0,63.0,1.96,1.0,5.97,4.0,42.13,48.0,6.97,1.0,12.92,11.0,30.43,35.0,3.45,41.0,11.0,4.0,0.97,1.31,1.22,3.0,2.0,0.0,7.0,0.0,0.0,900000,18
8478470,2023,Sam Montembeault,MTL,G,other,4255.0,14.47,18.0,174.0,7.54,11.0,19.68,15.0,98.3,92.0,2.01,0.0,54.11,57.0,30.93,29.0,13.47,81.0,27.0,22.0,3.04,3.2,8.22,4.0,6.0,8.0,44.0,0.0,0.0,3150000,28
8478470,2023,Sam Montembeault,MTL,G,all,145726.0,130.34,127.0,2685.0,96.7,154.0,333.19,269.0,1380.68,1307.0,38.58,6.0,752.26,690.0,537.16,651.0,124.11,1432.0,313.0,151.0,40.5,39.47,50.37,46.0,49.0,32.0,789.0,0.0,0.0,3150000,28
8478470,2023,Sam Montembeault,MTL,G,5on5,117770.0,87.71,80.0,2055.0,67.09,111.0,263.38,214.0,1033.71,972.0,30.14,4.0,561.77,508.0,415.0,512.0,83.73,1099.0,237.0,94.0,31.44,30.12,26.15,34.0,37.0,9.0,625.0,0.0,0.0,3150000,28
8478470,2023,Sam Montembeault,MTL,G,4on5,12737.0,24.24,22.0,392.0,20.05,28.0,43.56,38.0,204.92,196.0,1.04,0.0,122.99,119.0,61.44,72.0,23.04,209.0,40.0,30.0,4.67,5.04,14.53,5.0,4.0,13.0,113.0,0.0,0.0,3150000,28
8478470,2023,Sam Montembeault,MTL,G,5on4,10964.0,3.48,7.0,59.0,1.83,3.0,5.87,2.0,39.92,43.0,5.32,2.0,12.03,5.0,27.59,35.0,3.44,40.0,7.0,5.0,1.2,0.82,1.46,3.0,2.0,2.0,7.0,0.0,0.0,3150000,28
8479496,2023,David Rittich,LAK,G,other,2806.0,7.06,3.0,86.0,3.74,6.0,9.81,5.0,46.33,45.0,0.66,0.0,25.8,31.0,14.01,17.0,6.48,37.0,13.0,12.0,1.64,1.32,4.09,2.0,0.0,1.0,24.0,0.0,0.0,1000000,12
8479496,2023,David Rittich,LAK,G,all,81871.0,62.82,49.0,1273.0,47.7,69.0,157.76,107.0,663.81,621.0,25.0,2.0,362.56,323.0,258.85,361.0,60.4,666.0,172.0,74.0,18.9,21.08,22.84,16.0,18.0,15.0,361.0,0.0,0.0,1000000,12
8479496,2023,David Rittich,LAK,G,5on5,65760.0,41.57,31.0,946.0,32.04,50.0,119.6,85.0,480.76,447.0,20.6,2.0,258.66,220.0,193.86,273.0,40.13,497.0,119.0,46.0,13.83,14.81,12.92,9.0,13.0,9.0,284.0,0.0,0.0,1000000,12
8479496,2023,David Rittich,LAK,G,4on5,6913.0,11.06,13.0,209.0,10.57,12.0,24.78,17.0,115.18,109.0,0.76,0.0,70.65,66.0,38.23,51.0,10.74,117.0,31.0,11.0,3.06,3.95,4.05,4.0,5.0,4.0,50.0,0.0,0.0,1000000,12
8479496,2023,David Rittich,LAK,G,5on4,6392.0,2.2,1.0,23.0,0.93,1.0,2.42,0.0,15.02,16.0,2.79,0.0,5.09,5.0,9.79,14.0,2.12,12.0,5.0,4.0,0.26,0.54,1.41,0.0,0.0,1.0,2.0,0.0,0.0,1000000,12
8475660,2023,Cam Talbot,LAK,G,other,3298.0,9.05,11.0,108.0,4.27,2.0,11.78,8.0,60.35,53.0,1.03,0.0,34.69,32.0,19.22,28.0,8.56,46.0,24.0,11.0,1.87,3.07,4.11,2.0,4.0,5.0,27.0,0.0,0.0,1000000,12
8475660,2023,Cam Talbot,LAK,G,all,186967.0,140.74,130.0,3021.0,107.12,147.0,370.81,345.0,1552.32,1491.0,58.35,5.0,853.44,764.0,614.03,748.0,132.62,1612.0,381.0,145.0,44.49,47.35,48.9,50.0,43.0,37.0,883.0,4.0,2.0,1000000,12
8475660,2023,Cam Talbot,LAK,G,5on5,153677.0,98.89,97.0,2353.0,77.81,119.0,299.37,269.0,1200.37,1160.0,48.01,4.0,650.52,567.0,489.05,601.0,95.65,1262.0,302.0,92.0,35.05,37.81,26.03,42.0,37.0,18.0,697.0,4.0,2.0,1000000,12
8475660,2023,Cam Talbot,LAK,G,4on5,15393.0,29.63,19.0,496.0,22.97,25.0,53.66,66.0,250.74,235.0,1.19,0.0,154.26,152.0,77.26,84.0,25.33,261.0,47.0,38.0,6.46,5.48,17.7,6.0,1.0,12.0,150.0,0.0,0.0,1000000,12
8475660,2023,Cam Talbot,LAK,G,5on4,14599.0,3.0,3.0,58.0,1.73,1.0,5.32,2.0,37.13,41.0,7.86,1.0,12.0,10.0,26.79,33.0,2.91,39.0,7.0,4.0,1.04,0.9,1.07,0.0,1.0,2.0,8.0,0.0,0.0,1000000,12
8475683,2023,Sergei Bobrovsky,FLA,G,other,6836.0,12.21,9.0,166.0,6.09,7.0,16.41,7.0,79.06,71.0,2.29,0.0,42.64,47.0,28.5,39.0,11.15,64.0,24.0,21.0,2.35,2.86,7.01,2.0,3.0,4.0,57.0,0.0,0.0,10000000,5
8475683,2023,Sergei Bobrovsky,FLA,G,all,204854.0,150.55,135.0,3046.0,108.36,145.0,395.06,311.0,1617.51,1584.0,65.79,7.0,872.35,783.0,652.7,856.0,144.83,1659.0,400.0,176.0,45.87,48.97,55.7,43.0,44.0,48.0,811.0,4.0,2.0,10000000,5
8475683,2023,Sergei Bobrovsky,FLA,G,5on5,160768.0,99.23,92.0,2347.0,78.89,106.0,318.45,249.0,1246.36,1194.0,50.51,7.0,672.45,609.0,511.33,663.0,96.4,1331.0,294.0,98.0,35.73,36.13,27.38,37.0,34.0,21.0,624.0,4.0,2.0,10000000,5
8475683,2023,Sergei Bobrovsky,FLA,G,4on5,19479.0,33.99,29.0,451.0,20.23,29.0,51.53,51.0,238.34,261.0,1.68,0.0,138.07,112.0,75.92,106.0,32.2,208.0,72.0,48.0,6.24,8.61,19.14,2.0,6.0,21.0,123.0,0.0,0.0,10000000,5
8475683,2023,Sergei Bobrovsky,FLA,G,5on4,17771.0,4.38,4.0,71.0,2.79,2.0,7.38,4.0,47.23,51.0,11.0,0.0,16.16,14.0,33.59,42.0,4.35,50.0,7.0,9.0,1.21,0.99,2.17,1.0,1.0,2.0,5.0,0.0,0.0,10000000,5
8473575,2023,Semyon Varlamov,NYI,G,other,2234.0,4.7,4.0,82.0,3.32,4.0,8.0,6.0,38.96,42.0,0.51,0.0,24.93,19.0,11.63,21.0,4.53,36.0,12.0,6.0,1.19,1.36,2.15,0.0,0.0,4.0,28.0,0.0,0.0,2750000,15
8473575,2023,Semyon Varlamov,NYI,G,all,95684.0,78.14,69.0,1773.0,59.7,96.0,219.08,124.0,889.59,837.0,27.72,4.0,482.03,466.0,354.18,466.0,75.11,922.0,221.0,80.0,25.05,27.55,25.55,20.0,28.0,21.0,550.0,0.0,0.0,2750000,15
8473575,2023,Semyon Varlamov,NYI,G,5on5,79051.0,55.96,47.0,1408.0,44.39,79.0,180.11,96.0,702.54,647.0,22.96,4.0,375.03,367.0,285.96,374.0,53.97,748.0,165.0,52.0,19.99,20.98,14.98,18.0,22.0,7.0,443.0,0.0,0.0,2750000,15
8473575,2023,Semyon Varlamov,NYI,G,4on5,6660.0,15.24,16.0,237.0,10.65,11.0,25.84,20.0,117.97,118.0,0.3,0.0,72.23,69.0,37.07,49.0,14.46,109.0,37.0,19.0,3.16,4.3,7.77,2.0,5.0,9.0,72.0,0.0,0.0,2750000,15
8473575,2023,Semyon Varlamov,NYI,G,5on4,7739.0,1.54,0.0,38.0,0.96,1.0,3.81,2.0,24.61,25.0,3.89,0.0,7.44,8.0,17.5,21.0,1.51,26.0,4.0,2.0,0.57,0.54,0.43,0.0,0.0,0.0,6.0,0.0,0.0,2750000,15
8479193,2023,Casey DeSmith,VAN,G,other,2656.0,10.75,14.0,87.0,4.32,7.0,9.24,9.0,52.14,46.0,0.73,0.0,30.64,24.0,14.14,16.0,9.59,31.0,23.0,17.0,1.29,3.11,6.35,4.0,4.0,6.0,16.0,0.0,0.0,1800000,6
8479193,2023,Casey DeSmith,VAN,G,all,99809.0,79.58,80.0,1564.0,56.06,96.0,196.42,131.0,807.89,760.0,27.96,1.0,436.4,390.0,315.27,414.0,74.95,801.0,216.0,95.0,22.08,27.4,30.1,24.0,33.0,23.0,452.0,0.0,0.0,1800000,6
8479193,2023,Casey DeSmith,VAN,G,5on5,81153.0,51.79,46.0,1250.0,40.59,73.0,160.73,107.0,625.89,583.0,20.98,1.0,336.27,302.0,253.76,337.0,49.41,662.0,143.0,60.0,17.4,18.16,16.23,18.0,19.0,9.0,385.0,0.0,0.0,1800000,6
8479193,2023,Casey DeSmith,VAN,G,4on5,7459.0,14.94,17.0,193.0,9.85,15.0,22.91,15.0,107.48,108.0,0.51,0.0,61.42,59.0,32.19,39.0,13.99,88.0,39.0,18.0,2.85,4.57,7.52,2.0,7.0,8.0,48.0,0.0,0.0,1800000,6
8479193,2023,Casey DeSmith,VAN,G,5on4,8541.0,1.78,2.0,30.0,1.15,1.0,3.16,0.0,20.27,22.0,5.65,0.0,7.04,5.0,14.15,20.0,1.64,19.0,9.0,0.0,0.47,1.31,0.0,0.0,2.0,0.0,2.0,0.0,0.0,1800000,6
8477480,2023,Eric Comrie,BUF,G,other,616.0,1.15,3.0,14.0,0.62,0.0,1.78,0.0,8.9,10.0,0.15,0.0,5.33,5.0,2.84,4.0,1.13,8.0,2.0,2.0,0.3,0.28,0.57,0.0,1.0,2.0,2.0,0.0,0.0,1800000,22
8477480,2023,Eric Comrie,BUF,G,all,31194.0,29.07,32.0,503.0,20.16,37.0,67.46,46.0,282.11,254.0,8.84,2.0,149.56,139.0,104.53,126.0,27.78,259.0,88.0,33.0,7.39,11.0,10.68,8.0,12.0,12.0,123.0,0.0,0.0,1800000,22
8477480,2023,Eric Comrie,BUF,G,5on5,25390.0,21.8,21.0,402.0,15.04,31.0,55.2,39.0,222.79,193.0,7.16,2.0,115.13,106.0,83.7,101.0,20.78,205.0,69.0,24.0,5.85,8.82,7.12,7.0,8.0,6.0,104.0,0.0,0.0,1800000,22
8477480,2023,Eric Comrie,BUF,G,4on5,2468.0,5.44,7.0,77.0,4.13,6.0,9.46,7.0,44.23,44.0,0.23,0.0,26.96,25.0,13.45,16.0,5.18,41.0,14.0,6.0,1.05,1.61,2.77,1.0,2.0,4.0,16.0,0.0,0.0,1800000,22
8477480,2023,Eric Comrie,BUF,G,5on4,2720.0,0.69,1.0,10.0,0.38,0.0,1.02,0.0,6.2,7.0,1.3,0.0,2.13,3.0,4.54,5.0,0.69,5.0,3.0,1.0,0.18,0.28,0.22,0.0,1.0,0.0,1.0,0.0,0.0,1800000,22
8477970,2023,Vitek Vanecek,NJD,G,other,2930.0,6.14,9.0,73.0,3.12,2.0,7.73,9.0,39.94,41.0,0.97,0.0,22.35,18.0,12.35,15.0,5.99,31.0,14.0,8.0,1.48,1.82,2.84,3.0,1.0,5.0,20.0,0.0,0.0,3400000,23
8477970,2023,Vitek Vanecek,NJD,G,all,107509.0,83.85,95.0,1638.0,60.04,86.0,211.55,136.0,884.81,862.0,32.66,2.0,475.54,435.0,350.1,456.0,79.96,897.0,211.0,103.0,24.99,25.75,33.11,26.0,32.0,37.0,427.0,0.0,0.0,3400000,23
8477970,2023,Vitek Vanecek,NJD,G,5on5,88151.0,59.33,67.0,1306.0,44.27,69.0,174.57,115.0,698.34,682.0,26.64,2.0,371.91,339.0,284.34,366.0,57.12,727.0,161.0,70.0,20.07,19.96,19.3,18.0,28.0,21.0,348.0,0.0,0.0,3400000,23
8477970,2023,Vitek Vanecek,NJD,G,4on5,8764.0,15.28,15.0,227.0,11.36,15.0,26.33,10.0,123.87,113.0,0.64,0.0,74.3,72.0,38.4,57.0,13.81,121.0,29.0,20.0,2.73,3.07,9.46,3.0,2.0,10.0,57.0,0.0,0.0,3400000,23
8477970,2023,Vitek Vanecek,NJD,G,5on4,7664.0,3.1,4.0,31.0,1.28,0.0,2.92,2.0,22.66,26.0,4.17,0.0,6.98,6.0,15.01,18.0,3.04,18.0,7.0,5.0,0.7,0.9,1.5,2.0,1.0,1.0,1.0,0.0,0.0,3400000,23
8479973,2023,Stuart Skinner,EDM,G,other,5465.0,12.86,6.0,173.0,7.03,11.0,19.37,13.0,94.82,99.0,1.73,1.0,52.65,55.0,32.75,41.0,11.78,77.0,34.0,17.0,2.95,4.15,5.76,1.0,2.0,3.0,45.0,0.0,0.0,2600000,9
8479973,2023,Stuart Skinner,EDM,G,all,201681.0,148.98,147.0,3021.0,107.49,148.0,391.4,319.0,1616.92,1553.0,63.42,4.0,872.56,782.0,638.36,810.0,142.65,1636.0,428.0,149.0,48.23,51.93,48.83,59.0,52.0,36.0,808.0,0.0,0.0,2600000,9
8479973,2023,Stuart Skinner,EDM,G,5on5,166163.0,103.81,102.0,2350.0,78.89,114.0,314.55,263.0,1247.04,1180.0,51.52,2.0,667.34,590.0,502.74,635.0,100.45,1294.0,321.0,94.0,38.31,39.01,26.48,47.0,40.0,15.0,641.0,0.0,0.0,2600000,9
8479973,2023,Stuart Skinner,EDM,G,4on5,16415.0,28.17,34.0,435.0,19.41,21.0,50.18,40.0,230.49,228.0,1.77,0.0,137.46,125.0,74.01,97.0,26.38,222.0,61.0,34.0,5.5,7.25,15.41,9.0,8.0,17.0,118.0,0.0,0.0,2600000,9
8479973,2023,Stuart Skinner,EDM,G,5on4,13638.0,2.76,3.0,50.0,1.53,2.0,5.7,3.0,34.57,36.0,8.13,1.0,10.81,7.0,24.07,31.0,2.71,36.0,7.0,3.0,1.07,0.94,0.74,1.0,1.0,1.0,4.0,0.0,0.0,2600000,9
8475831,2023,Philipp Grubauer,SEA,G,other,3171.0,7.44,4.0,91.0,3.4,3.0,9.58,8.0,47.02,41.0,1.18,0.0,27.8,27.0,15.1,21.0,6.1,38.0,18.0,9.0,1.5,2.38,3.57,1.0,2.0,1.0,26.0,0.0,0.0,5900000,25
8475831,2023,Philipp Grubauer,SEA,G,all,119796.0,89.15,95.0,1907.0,66.67,108.0,239.68,192.0,986.07,941.0,33.85,1.0,546.65,437.0,392.32,529.0,84.82,1032.0,237.0,99.0,28.23,28.9,32.02,40.0,29.0,26.0,539.0,4.0,2.0,5900000,25
8475831,2023,Philipp Grubauer,SEA,G,5on5,96016.0,61.54,69.0,1502.0,49.81,81.0,196.31,150.0,775.7,739.0,26.38,1.0,425.57,340.0,317.53,432.0,59.72,838.0,175.0,64.0,22.92,21.26,17.37,35.0,21.0,13.0,425.0,4.0,2.0,5900000,25
8475831,2023,Philipp Grubauer,SEA,G,4on5,9133.0,18.16,18.0,274.0,12.29,21.0,30.09,32.0,139.81,137.0,0.9,0.0,85.82,67.0,43.78,57.0,17.05,136.0,35.0,24.0,3.39,4.18,10.59,3.0,4.0,11.0,79.0,0.0,0.0,5900000,25
8475831,2023,Philipp Grubauer,SEA,G,5on4,11476.0,2.01,4.0,40.0,1.18,3.0,3.69,2.0,23.55,24.0,5.39,0.0,7.46,3.0,15.93,19.0,1.95,20.0,9.0,2.0,0.43,1.09,0.49,1.0,2.0,1.0,9.0,0.0,0.0,5900000,25
8481035,2023,Samuel Ersson,PHI,G,other,5229.0,15.79,14.0,193.0,7.38,12.0,20.44,12.0,100.72,92.0,1.98,0.0,53.5,57.0,33.47,39.0,13.15,77.0,37.0,20.0,3.25,4.69,7.85,4.0,4.0,6.0,59.0,0.0,0.0,1450000,21
8481035,2023,Samuel Ersson,PHI,G,all,168568.0,127.24,132.0,2772.0,89.19,143.0,323.1,216.0,1317.0,1204.0,52.61,1.0,703.27,652.0,518.66,659.0,120.16,1327.0,333.0,146.0,36.39,42.24,48.61,49.0,48.0,35.0,966.0,4.0,2.0,1450000,21
8481035,2023,Samuel Ersson,PHI,G,5on5,137486.0,85.39,92.0,2153.0,64.11,101.0,256.6,178.0,1000.4,907.0,41.95,1.0,534.07,492.0,402.17,511.0,82.22,1040.0,244.0,92.0,27.91,31.31,26.17,38.0,39.0,15.0,777.0,4.0,2.0,1450000,21
8481035,2023,Samuel Ersson,PHI,G,4on5,12784.0,21.64,20.0,358.0,15.32,28.0,39.28,22.0,172.19,154.0,1.63,0.0,100.91,90.0,53.78,75.0,20.42,168.0,42.0,27.0,4.1,4.79,12.74,4.0,3.0,13.0,121.0,0.0,0.0,1450000,21
8481035,2023,Samuel Ersson,PHI,G,5on4,13069.0,3.65,4.0,55.0,1.94,2.0,5.66,2.0,37.01,43.0,6.57,0.0,11.72,11.0,25.82,31.0,3.62,37.0,6.0,7.0,0.84,0.96,1.85,2.0,1.0,1.0,5.0,0.0,0.0,1450000,21
8481611,2023,Pyotr Kochetkov,CAR,G,other,3090.0,5.1,4.0,77.0,2.84,3.0,8.92,7.0,44.18,43.0,1.04,0.0,23.18,21.0,17.52,24.0,4.88,32.0,21.0,6.0,1.12,2.32,1.65,1.0,2.0,1.0,18.0,0.0,1.0,2000000,3
8481611,2023,Pyotr Kochetkov,CAR,G,all,142289.0,92.68,92.0,1920.0,68.74,102.0,260.36,210.0,1036.29,1031.0,46.38,5.0,553.14,474.0,410.8,541.0,89.15,1055.0,267.0,99.0,29.05,33.34,30.29,36.0,35.0,21.0,499.0,8.0,5.0,2000000,3
8481611,2023,Pyotr Kochetkov,CAR,G,5on5,116385.0,66.33,70.0,1535.0,51.67,79.0,213.26,181.0,817.55,815.0,38.63,5.0,440.7,367.0,329.86,431.0,64.03,876.0,189.0,65.0,23.83,23.94,18.56,33.0,25.0,12.0,405.0,6.0,3.0,2000000,3
8481611,2023,Pyotr Kochetkov,CAR,G,4on5,12935.0,17.48,14.0,249.0,12.32,19.0,32.85,22.0,138.83,133.0,1.41,0.0,77.17,72.0,40.56,58.0,16.53,118.0,44.0,23.0,3.28,5.51,8.69,1.0,5.0,8.0,64.0,0.0,0.0,2000000,3
8481611,2023,Pyotr Kochetkov,CAR,G,5on4,9879.0,2.98,4.0,47.0,1.58,0.0,4.4,0.0,31.56,37.0,5.29,0.0,9.5,10.0,21.67,27.0,2.96,27.0,10.0,4.0,0.76,1.19,1.02,1.0,3.0,0.0,6.0,2.0,1.0,2000000,3
8474593,2023,Jacob Markstrom,CGY,G,other,5745.0,10.88,8.0,165.0,6.56,7.0,17.69,12.0,81.88,77.0,1.96,1.0,46.79,49.0,27.1,36.0,10.36,69.0,31.0,12.0,2.34,3.91,4.64,3.0,1.0,4.0,53.0,0.0,0.0,6000000,24
8474593,2023,Jacob Markstrom,CGY,G,all,169867.0,144.7,131.0,2848.0,101.81,154.0,353.11,286.0,1472.15,1379.0,53.13,12.0,782.43,701.0,577.44,734.0,138.64,1460.0,375.0,174.0,41.56,47.21,55.93,59.0,32.0,40.0,839.0,0.0,0.0,6000000,24
8474593,2023,Jacob Markstrom,CGY,G,5on5,137769.0,100.2,91.0,2209.0,73.38,113.0,283.42,232.0,1126.99,1065.0,42.01,9.0,595.93,523.0,452.06,581.0,96.11,1149.0,277.0,117.0,32.18,35.05,32.98,50.0,26.0,15.0,666.0,0.0,0.0,6000000,24
8474593,2023,Jacob Markstrom,CGY,G,4on5,12654.0,26.83,22.0,394.0,18.99,30.0,44.3,38.0,208.66,186.0,1.29,1.0,123.53,112.0,63.37,82.0,25.48,198.0,55.0,31.0,5.64,6.62,14.57,4.0,3.0,15.0,110.0,0.0,0.0,6000000,24
8474593,2023,Jacob Markstrom,CGY,G,5on4,13699.0,6.14,10.0,75.0,2.6,3.0,7.02,3.0,51.54,50.0,7.77,1.0,14.82,16.0,33.98,34.0,6.08,44.0,9.0,13.0,1.4,1.26,3.48,2.0,2.0,6.0,9.0,0.0,0.0,6000000,24
8474596,2023,Jake Allen,NJD,G,other,2079.0,6.73,9.0,80.0,3.7,7.0,9.28,6.0,47.96,45.0,0.58,0.0,26.42,21.0,15.13,19.0,6.37,34.0,20.0,9.0,1.41,2.61,2.7,3.0,5.0,1.0,17.0,0.0,0.0,3850000,23
8474596,2023,Jake Allen,NJD,G,all,119213.0,112.08,114.0,2165.0,80.06,142.0,273.48,212.0,1129.9,1087.0,30.9,8.0,608.43,540.0,434.23,530.0,105.53,1122.0,293.0,132.0,32.83,36.92,42.32,48.0,34.0,32.0,618.0,2.0,1.0,3850000,23
8474596,2023,Jake Allen,NJD,G,5on5,98234.0,78.91,78.0,1732.0,58.48,108.0,223.88,184.0,887.67,852.0,25.67,6.0,480.07,424.0,353.34,424.0,75.19,915.0,220.0,90.0,26.56,27.91,24.43,41.0,23.0,14.0,507.0,2.0,1.0,3850000,23
8474596,2023,Jake Allen,NJD,G,4on5,9812.0,23.08,23.0,312.0,16.51,24.0,35.38,18.0,165.47,158.0,0.57,1.0,93.17,90.0,48.07,66.0,20.82,149.0,44.0,29.0,4.0,5.26,13.81,4.0,4.0,15.0,90.0,0.0,0.0,3850000,23
8474596,2023,Jake Allen,NJD,G,5on4,9088.0,3.22,3.0,38.0,1.26,3.0,4.31,4.0,26.43,29.0,3.96,1.0,7.79,5.0,16.6,19.0,3.0,22.0,8.0,4.0,0.8,1.04,1.38,0.0,1.0,2.0,4.0,0.0,0.0,3850000,23
8476434,2023,John Gibson,ANA,G,other,5153.0,10.91,11.0,125.0,5.08,9.0,14.83,6.0,71.38,63.0,1.52,2.0,36.18,36.0,24.5,31.0,9.52,52.0,26.0,16.0,2.07,3.03,5.81,5.0,3.0,3.0,31.0,0.0,0.0,6400000,30
8476434,2023,John Gibson,ANA,G,all,153689.0,141.41,151.0,2705.0,99.81,157.0,341.7,243.0,1435.4,1343.0,40.58,5.0,777.59,693.0,559.3,716.0,134.52,1420.0,394.0,154.0,40.45,49.98,50.98,59.0,53.0,39.0,737.0,2.0,1.0,6400000,30
8476434,2023,John Gibson,ANA,G,5on5,122944.0,93.44,94.0,2029.0,69.63,113.0,264.6,185.0,1065.04,997.0,32.57,2.0,572.73,518.0,432.08,553.0,89.89,1094.0,278.0,96.0,31.58,35.44,26.44,40.0,38.0,16.0,561.0,2.0,1.0,6400000,30
8476434,2023,John Gibson,ANA,G,4on5,14545.0,33.11,43.0,496.0,23.29,33.0,57.13,49.0,265.12,253.0,1.24,0.0,157.58,128.0,81.77,107.0,31.23,246.0,80.0,36.0,5.92,10.07,17.12,13.0,12.0,18.0,134.0,0.0,0.0,6400000,30
8476434,2023,John Gibson,ANA,G,5on4,11047.0,3.35,3.0,45.0,1.42,2.0,3.82,1.0,27.19,26.0,4.96,1.0,8.05,9.0,17.52,20.0,3.3,21.0,8.0,6.0,0.53,1.2,1.62,1.0,0.0,2.0,10.0,0.0,0.0,6400000,30
8478039,2023,Kaapo Kahkonen,NJD,G,other,3058.0,7.59,7.0,110.0,4.23,6.0,10.47,11.0,56.88,52.0,1.03,0.0,31.75,25.0,21.15,27.0,6.75,44.0,24.0,9.0,2.04,2.87,2.68,4.0,1.0,2.0,33.0,0.0,0.0,2750000,23
8478039,2023,Kaapo Kahkonen,NJD,G,all,114853.0,117.36,116.0,2289.0,82.9,136.0,282.39,266.0,1207.53,1139.0,28.42,1.0,671.68,613.0,480.75,540.0,111.18,1246.0,291.0,138.0,38.05,35.62,43.69,52.0,40.0,24.0,614.0,4.0,2.0,2750000,23
8478039,2023,Kaapo Kahkonen,NJD,G,5on5,95493.0,84.79,81.0,1860.0,64.38,115.0,238.05,222.0,970.71,914.0,23.47,1.0,539.41,508.0,391.02,422.0,80.66,1040.0,212.0,98.0,30.89,26.27,27.63,45.0,29.0,7.0,510.0,4.0,2.0,2750000,23
8478039,2023,Kaapo Kahkonen,NJD,G,4on5,8936.0,22.1,24.0,268.0,12.7,11.0,28.76,30.0,147.44,139.0,0.72,0.0,89.98,76.0,45.76,63.0,20.97,129.0,48.0,27.0,4.04,5.7,12.37,1.0,8.0,15.0,64.0,0.0,0.0,2750000,23
8478039,2023,Kaapo Kahkonen,NJD,G,5on4,7366.0,2.88,4.0,51.0,1.59,4.0,5.11,3.0,32.5,34.0,3.21,0.0,10.54,4.0,22.81,28.0,2.82,33.0,7.0,4.0,1.09,0.78,1.01,2.0,2.0,0.0,7.0,0.0,0.0,2750000,23
8478916,2023,Joey Daccord,SEA,G,other,3233.0,9.44,13.0,133.0,5.27,5.0,13.77,19.0,70.79,70.0,1.04,0.0,43.82,35.0,23.24,26.0,8.98,71.0,18.0,9.0,2.64,2.18,4.62,2.0,5.0,6.0,35.0,0.0,0.0,1200000,25
8478916,2023,Joey Daccord,SEA,G,all,169967.0,119.76,116.0,2781.0,98.26,140.0,368.07,364.0,1470.44,1374.0,47.56,8.0,826.02,735.0,598.17,702.0,115.11,1624.0,322.0,115.0,43.73,39.08,36.95,40.0,46.0,30.0,720.0,0.0,0.0,1200000,25
8478916,2023,Joey Daccord,SEA,G,5on5,143192.0,86.57,74.0,2231.0,73.57,115.0,306.69,310.0,1174.72,1098.0,39.03,6.0,649.93,585.0,489.74,560.0,83.62,1325.0,250.0,72.0,35.13,30.46,20.97,30.0,30.0,14.0,584.0,0.0,0.0,1200000,25
8478916,2023,Joey Daccord,SEA,G,4on5,11550.0,20.27,20.0,359.0,17.14,18.0,41.3,34.0,188.86,165.0,1.03,2.0,118.03,107.0,60.9,84.0,19.07,193.0,42.0,29.0,5.16,5.03,10.07,5.0,6.0,9.0,95.0,0.0,0.0,1200000,25
8478916,2023,Joey Daccord,SEA,G,5on4,11992.0,2.77,5.0,46.0,1.76,1.0,4.99,1.0,29.34,34.0,6.04,0.0,10.76,6.0,20.62,29.0,2.74,30.0,7.0,5.0,0.63,0.86,1.28,2.0,2.0,1.0,4.0,0.0,0.0,1200000,25
8482221,2023,Devon Levi,BUF,G,other,2591.0,7.47,6.0,77.0,3.24,9.0,8.18,4.0,42.77,44.0,1.18,0.0,23.37,20.0,13.25,18.0,6.38,34.0,9.0,14.0,1.53,1.04,4.89,3.0,2.0,1.0,20.0,0.0,0.0,925000,22
8482221,2023,Devon Levi,BUF,G,all,77694.0,77.66,67.0,1298.0,51.06,104.0,167.66,127.0,712.44,666.0,22.68,4.0,376.02,330.0,268.47,332.0,72.98,674.0,182.0,109.0,20.35,22.6,34.7,25.0,21.0,21.0,333.0,0.0,0.0,925000,22
8482221,2023,Devon Levi,BUF,G,5on5,63478.0,51.22,40.0,986.0,35.68,81.0,129.92,97.0,526.52,487.0,18.29,2.0,278.15,238.0,205.08,259.0,48.87,511.0,139.0,68.0,15.24,17.29,18.69,17.0,15.0,8.0,268.0,0.0,0.0,925000,22
8482221,2023,Devon Levi,BUF,G,4on5,5893.0,16.42,17.0,201.0,10.81,12.0,25.88,24.0,119.9,112.0,0.34,0.0,67.01,67.0,34.95,38.0,15.26,107.0,29.0,23.0,2.91,3.51,10.0,3.0,3.0,11.0,42.0,0.0,0.0,925000,22
8482221,2023,Devon Levi,BUF,G,5on4,5732.0,2.55,4.0,34.0,1.33,2.0,3.69,2.0,23.24,23.0,2.87,2.0,7.49,5.0,15.2,17.0,2.47,22.0,5.0,4.0,0.67,0.76,1.13,2.0,1.0,1.0,3.0,0.0,0.0,925000,22
8478971,2023,Connor Ingram,ARI,G,other,4650.0,10.72,8.0,140.0,5.46,6.0,14.2,16.0,72.74,65.0,1.19,0.0,44.73,45.0,22.24,25.0,9.57,56.0,29.0,15.0,2.13,3.45,5.13,1.0,5.0,2.0,40.0,0.0,0.0,1950000,27
8478971,2023,Connor Ingram,ARI,G,all,168176.0,144.31,136.0,2917.0,108.38,153.0,379.99,325.0,1553.29,1461.0,45.99,7.0,852.69,748.0,610.58,784.0,137.27,1602.0,386.0,162.0,45.34,46.97,52.0,59.0,39.0,38.0,767.0,0.0,0.0,1950000,27
8478971,2023,Connor Ingram,ARI,G,5on5,137327.0,98.83,89.0,2266.0,77.81,121.0,305.23,245.0,1190.76,1105.0,37.68,5.0,641.64,562.0,483.17,628.0,94.93,1266.0,280.0,102.0,35.69,34.17,28.97,48.0,25.0,16.0,618.0,0.0,0.0,1950000,27
8478971,2023,Connor Ingram,ARI,G,4on5,13851.0,30.75,34.0,450.0,22.92,24.0,53.81,58.0,249.4,247.0,1.15,0.0,151.03,132.0,79.78,98.0,28.86,241.0,65.0,41.0,6.1,7.9,16.75,8.0,7.0,19.0,103.0,0.0,0.0,1950000,27
8478971,2023,Connor Ingram,ARI,G,5on4,12348.0,3.09,3.0,47.0,1.57,2.0,4.7,5.0,31.51,35.0,5.65,2.0,10.53,5.0,22.12,28.0,3.06,32.0,7.0,4.0,1.06,0.89,1.15,1.0,1.0,1.0,4.0,0.0,0.0,1950000,27
8477293,2023,Antti Raanta,CAR,G,other,1713.0,2.55,6.0,36.0,1.29,2.0,3.98,0.0,19.85,23.0,0.66,0.0,9.33,5.0,9.19,14.0,2.43,15.0,8.0,4.0,0.55,0.9,1.11,1.0,4.0,1.0,9.0,0.0,0.0,1500000,3
8477293,2023,Antti Raanta,CAR,G,all,75911.0,53.74,63.0,946.0,34.13,67.0,129.16,93.0,524.33,493.0,27.36,1.0,268.66,216.0,204.98,268.0,50.94,507.0,132.0,69.0,14.15,16.24,23.36,25.0,19.0,19.0,238.0,0.0,0.0,1500000,3
8477293,2023,Antti Raanta,CAR,G,5on5,62080.0,40.88,42.0,787.0,27.76,58.0,111.92,82.0,439.31,407.0,21.85,1.0,226.63,182.0,171.22,228.0,38.37,433.0,109.0,51.0,12.22,13.48,15.18,21.0,14.0,7.0,194.0,0.0,0.0,1500000,3
8477293,2023,Antti Raanta,CAR,G,4on5,5238.0,8.77,13.0,104.0,4.27,6.0,11.21,10.0,51.04,51.0,0.63,0.0,28.49,24.0,15.59,17.0,8.61,47.0,11.0,12.0,0.93,1.25,6.58,3.0,0.0,10.0,34.0,0.0,0.0,1500000,3
8477293,2023,Antti Raanta,CAR,G,5on4,6880.0,1.54,2.0,19.0,0.81,1.0,2.07,1.0,14.14,12.0,4.21,0.0,4.21,5.0,8.99,9.0,1.53,12.0,4.0,2.0,0.45,0.61,0.49,0.0,1.0,1.0,1.0,0.0,0.0,1500000,3
8475883,2023,Frederik Andersen,CAR,G,other,1080.0,3.66,1.0,31.0,1.43,1.0,3.65,5.0,18.86,16.0,0.61,0.0,9.92,9.0,5.68,9.0,2.93,13.0,6.0,6.0,0.48,0.74,2.45,0.0,0.0,1.0,6.0,0.0,0.0,3400000,3
8475883,2023,Frederik Andersen,CAR,G,all,54773.0,40.19,28.0,788.0,29.44,47.0,109.31,81.0,438.17,410.0,19.92,1.0,229.37,199.0,170.64,239.0,37.79,443.0,113.0,38.0,12.35,14.86,12.98,11.0,13.0,4.0,194.0,0.0,0.0,3400000,3
8475883,2023,Frederik Andersen,CAR,G,5on5,44339.0,27.82,22.0,616.0,20.96,35.0,88.61,67.0,341.97,322.0,16.59,1.0,177.99,157.0,136.06,182.0,26.84,357.0,84.0,22.0,10.24,11.05,6.52,10.0,10.0,2.0,153.0,0.0,0.0,3400000,3
8475883,2023,Frederik Andersen,CAR,G,4on5,5274.0,7.94,4.0,117.0,6.28,11.0,14.22,8.0,63.08,55.0,0.65,0.0,35.41,28.0,18.92,34.0,7.26,55.0,20.0,10.0,1.29,2.64,4.01,1.0,2.0,1.0,32.0,0.0,0.0,3400000,3
8475883,2023,Frederik Andersen,CAR,G,5on4,4080.0,0.55,1.0,18.0,0.6,0.0,2.3,1.0,11.28,14.0,2.05,0.0,4.63,5.0,8.42,10.0,0.55,15.0,2.0,0.0,0.24,0.31,0.0,0.0,1.0,0.0,1.0,0.0,0.0,3400000,3
8479394,2023,Carter Hart,PHI,G,other,2116.0,4.38,6.0,69.0,2.65,3.0,6.98,4.0,35.52,35.0,0.85,0.0,18.68,20.0,13.06,14.0,3.81,28.0,15.0,4.0,1.19,1.78,1.41,4.0,0.0,2.0,22.0,0.0,0.0,3979000,21
8479394,2023,Carter Hart,PHI,G,all,87311.0,67.3,68.0,1486.0,50.25,68.0,181.29,146.0,745.13,727.0,27.06,1.0,405.09,355.0,299.29,387.0,63.33,783.0,178.0,68.0,22.37,23.02,21.92,34.0,19.0,15.0,457.0,0.0,0.0,3979000,21
8479394,2023,Carter Hart,PHI,G,5on5,70767.0,49.49,53.0,1202.0,38.16,54.0,150.53,124.0,596.08,581.0,21.44,1.0,321.41,285.0,239.93,301.0,47.76,629.0,142.0,49.0,17.46,18.52,13.5,27.0,18.0,8.0,382.0,0.0,0.0,3979000,21
8479394,2023,Carter Hart,PHI,G,4on5,6820.0,11.63,9.0,181.0,8.15,9.0,20.44,17.0,90.95,83.0,1.07,0.0,56.88,48.0,29.66,45.0,9.99,100.0,16.0,14.0,2.79,2.16,6.68,3.0,1.0,5.0,51.0,0.0,0.0,3979000,21
8479394,2023,Carter Hart,PHI,G,5on4,7608.0,1.81,0.0,34.0,1.3,2.0,3.33,1.0,22.58,28.0,3.7,0.0,8.12,2.0,16.64,27.0,1.77,26.0,5.0,1.0,0.93,0.56,0.32,0.0,0.0,0.0,2.0,0.0,0.0,3979000,21
8477465,2023,Tristan Jarry,PIT,G,other,4009.0,7.7,7.0,104.0,3.99,3.0,11.23,4.0,54.83,49.0,2.2,0.0,30.3,26.0,21.82,36.0,7.34,47.0,21.0,9.0,1.9,2.58,3.22,2.0,4.0,1.0,27.0,0.0,0.0,5375000,19
8477465,2023,Tristan Jarry,PIT,G,all,164438.0,135.62,133.0,2765.0,101.5,148.0,360.38,256.0,1496.48,1369.0,52.93,3.0,805.9,710.0,599.12,800.0,129.74,1555.0,348.0,150.0,44.74,43.28,47.6,44.0,50.0,39.0,712.0,4.0,2.0,5375000,19
8477465,2023,Tristan Jarry,PIT,G,5on5,133911.0,101.89,94.0,2214.0,78.24,125.0,299.09,219.0,1203.82,1106.0,42.21,3.0,644.15,567.0,485.2,639.0,97.89,1269.0,272.0,108.0,36.54,34.24,31.1,36.0,38.0,20.0,565.0,4.0,2.0,5375000,19
8477465,2023,Tristan Jarry,PIT,G,4on5,13440.0,20.81,23.0,377.0,16.43,16.0,42.79,33.0,190.28,164.0,1.28,0.0,115.13,98.0,60.36,92.0,19.39,196.0,41.0,25.0,5.0,4.81,10.99,3.0,6.0,14.0,115.0,0.0,0.0,5375000,19
8477465,2023,Tristan Jarry,PIT,G,5on4,13078.0,5.22,9.0,70.0,2.83,4.0,7.27,0.0,47.55,50.0,7.24,0.0,16.33,19.0,31.75,33.0,5.12,43.0,14.0,8.0,1.3,1.63,2.29,3.0,2.0,4.0,5.0,0.0,0.0,5375000,19
8477831,2023,Pheonix Copley,LAK,G,other,228.0,0.25,0.0,5.0,0.09,0.0,0.32,0.0,1.49,2.0,0.04,0.0,0.71,0.0,0.59,2.0,0.25,0.0,2.0,0.0,0.0,0.25,0.0,0.0,0.0,0.0,3.0,0.0,0.0,1500000,12
8477831,2023,Pheonix Copley,LAK,G,all,26177.0,20.34,23.0,372.0,14.47,16.0,44.29,32.0,194.81,177.0,7.71,0.0,104.85,98.0,75.69,94.0,19.01,186.0,59.0,21.0,5.46,7.23,7.66,7.0,10.0,6.0,106.0,0.0,0.0,1500000,12
8477831,2023,Pheonix Copley,LAK,G,5on5,20891.0,11.69,15.0,265.0,8.98,11.0,32.92,26.0,132.89,117.0,6.13,0.0,72.32,65.0,52.69,65.0,11.34,137.0,36.0,10.0,4.06,4.38,3.26,5.0,5.0,5.0,82.0,0.0,0.0,1500000,12
8477831,2023,Pheonix Copley,LAK,G,4on5,2587.0,6.67,4.0,82.0,4.64,4.0,8.92,5.0,46.84,48.0,0.13,0.0,27.06,30.0,14.23,18.0,5.72,39.0,15.0,9.0,1.13,1.77,3.77,0.0,3.0,1.0,19.0,0.0,0.0,1500000,12
8477831,2023,Pheonix Copley,LAK,G,5on4,2471.0,1.11,3.0,12.0,0.47,0.0,1.11,1.0,8.78,8.0,1.2,0.0,2.9,1.0,6.12,7.0,1.11,7.0,4.0,1.0,0.12,0.65,0.35,1.0,2.0,0.0,0.0,0.0,0.0,1500000,12
8471734,2023,Jonathan Quick,NYR,G,other,2564.0,4.43,1.0,68.0,2.63,2.0,7.07,2.0,36.02,25.0,0.77,0.0,20.76,25.0,12.9,19.0,4.13,31.0,14.0,4.0,1.24,1.6,1.59,1.0,0.0,0.0,19.0,0.0,0.0,1275000,1
8471734,2023,Jonathan Quick,NYR,G,all,94964.0,78.84,69.0,1579.0,56.53,98.0,204.62,133.0,839.2,771.0,27.91,1.0,449.55,427.0,330.82,419.0,75.41,846.0,219.0,84.0,24.7,27.52,26.62,23.0,34.0,12.0,430.0,8.0,4.0,1275000,1
8471734,2023,Jonathan Quick,NYR,G,5on5,78227.0,56.51,58.0,1263.0,42.47,82.0,168.77,104.0,665.67,617.0,22.23,1.0,353.35,328.0,267.98,337.0,54.28,697.0,158.0,57.0,20.39,20.36,15.77,22.0,28.0,8.0,351.0,6.0,3.0,1275000,1
8471734,2023,Jonathan Quick,NYR,G,4on5,7634.0,16.06,10.0,216.0,10.42,13.0,25.93,26.0,118.67,109.0,0.85,0.0,69.28,67.0,37.36,47.0,15.18,104.0,36.0,23.0,2.63,4.17,9.26,0.0,6.0,4.0,53.0,2.0,1.0,1275000,1
8471734,2023,Jonathan Quick,NYR,G,5on4,6539.0,1.72,0.0,27.0,0.9,1.0,2.36,0.0,16.66,18.0,3.92,0.0,5.17,7.0,11.34,14.0,1.71,11.0,11.0,0.0,0.32,1.41,0.0,0.0,0.0,0.0,5.0,0.0,0.0,1275000,1
8478905,2023,Ivan Fedotov,PHI,G,other,268.0,0.4,2.0,9.0,0.3,0.0,1.13,1.0,5.09,4.0,0.04,0.0,2.69,2.0,2.32,2.0,0.4,5.0,2.0,0.0,0.2,0.2,0.0,1.0,1.0,0.0,2.0,0.0,0.0,3275000,21
8478905,2023,Ivan Fedotov,PHI,G,all,7269.0,4.63,10.0,116.0,3.51,3.0,14.1,13.0,57.23,53.0,2.44,0.0,30.97,25.0,23.87,28.0,4.56,60.0,14.0,5.0,1.75,1.55,1.33,4.0,5.0,1.0,37.0,0.0,0.0,3275000,21
8478905,2023,Ivan Fedotov,PHI,G,5on5,6281.0,4.22,8.0,104.0,3.16,3.0,12.83,11.0,51.46,48.0,2.15,0.0,27.96,23.0,21.09,26.0,4.16,54.0,12.0,5.0,1.54,1.35,1.33,3.0,4.0,1.0,33.0,0.0,0.0,3275000,21
8478905,2023,Ivan Fedotov,PHI,G,4on5,120.0,0.01,0.0,3.0,0.05,0.0,0.14,1.0,0.68,1.0,0.0,0.0,0.32,0.0,0.47,0.0,0.01,1.0,0.0,0.0,0.01,0.0,0.0,0.0,0.0,0.0,2.0,0.0,0.0,3275000,21
8478905,2023,Ivan Fedotov,PHI,G,5on4,600.0,0.0,0.0,0.0,0.0,0.0,0.0,0.0,0.0,0.0,0.26,0.0,0.0,0.0,0.0,0.0,0.0,0.0,0.0,0.0,0.0,0.0,0.0,0.0,0.0,0.0,0.0,0.0,0.0,3275000,21
8479406,2023,Filip Gustavsson,MIN,G,other,4035.0,10.85,6.0,121.0,4.89,11.0,12.93,13.0,63.96,62.0,1.43,0.0,36.42,32.0,20.67,25.0,9.91,53.0,19.0,16.0,2.08,2.35,6.42,3.0,0.0,3.0,33.0,0.0,0.0,3750000,20
8479406,2023,Filip Gustavsson,MIN,G,all,151593.0,124.16,129.0,2589.0,94.26,103.0,315.78,282.0,1340.41,1283.0,42.92,5.0,740.16,629.0,517.86,685.0,118.74,1395.0,310.0,131.0,40.7,38.73,44.73,53.0,39.0,37.0,753.0,0.0,0.0,3750000,20
8479406,2023,Filip Gustavsson,MIN,G,5on5,120402.0,77.72,91.0,1948.0,63.62,60.0,243.71,223.0,985.58,937.0,31.3,5.0,539.03,464.0,396.82,512.0,75.31,1064.0,216.0,73.0,30.27,26.9,20.56,46.0,29.0,16.0,595.0,0.0,0.0,3750000,20
8479406,2023,Filip Gustavsson,MIN,G,4on5,13874.0,32.4,29.0,459.0,23.7,31.0,53.43,43.0,255.84,248.0,0.69,0.0,151.62,124.0,78.52,119.0,30.43,243.0,65.0,40.0,7.19,8.01,17.19,3.0,9.0,17.0,111.0,0.0,0.0,3750000,20
8479406,2023,Filip Gustavsson,MIN,G,5on4,13282.0,2.04,2.0,44.0,1.31,1.0,4.05,1.0,24.96,26.0,9.26,0.0,8.32,3.0,17.47,26.0,2.02,27.0,6.0,1.0,0.8,0.96,0.28,1.0,0.0,1.0,10.0,0.0,0.0,3750000,20
8480051,2023,Cayden Primeau,MTL,G,other,1820.0,5.19,4.0,71.0,2.43,2.0,7.82,7.0,38.1,37.0,0.79,1.0,20.33,16.0,16.05,24.0,4.94,36.0,10.0,7.0,1.53,0.98,2.69,2.0,2.0,0.0,18.0,0.0,0.0,890000,28
8480051,2023,Cayden Primeau,MTL,G,all,79490.0,69.58,66.0,1472.0,52.69,72.0,185.6,173.0,756.46,731.0,21.08,2.0,415.68,359.0,301.48,378.0,66.23,799.0,182.0,70.0,22.73,23.23,23.62,26.0,25.0,15.0,421.0,2.0,1.0,890000,28
8480051,2023,Cayden Primeau,MTL,G,5on5,64378.0,46.15,41.0,1159.0,37.91,54.0,149.9,145.0,579.65,549.0,17.09,1.0,317.96,271.0,235.88,294.0,44.83,634.0,133.0,41.0,17.86,16.97,11.33,21.0,16.0,4.0,351.0,2.0,1.0,890000,28
8480051,2023,Cayden Primeau,MTL,G,4on5,6542.0,16.57,19.0,207.0,11.32,15.0,23.9,18.0,116.29,119.0,0.4,0.0,68.94,66.0,34.41,41.0,14.83,105.0,33.0,21.0,2.73,4.51,9.34,2.0,6.0,11.0,48.0,0.0,0.0,890000,28
8480051,2023,Cayden Primeau,MTL,G,5on4,6750.0,1.3,2.0,28.0,0.79,1.0,2.95,0.0,17.36,19.0,2.76,0.0,5.84,4.0,12.56,17.0,1.29,19.0,4.0,1.0,0.47,0.56,0.27,1.0,1.0,0.0,4.0,0.0,0.0,890000,28
8476341,2023,Anton Forsberg,OTT,G,other,2828.0,7.47,4.0,93.0,3.18,4.0,9.04,12.0,45.25,41.0,1.41,1.0,25.97,23.0,13.78,18.0,6.66,35.0,18.0,8.0,1.19,2.03,4.25,1.0,1.0,2.0,32.0,0.0,0.0,2750000,26
8476341,2023,Anton Forsberg,OTT,G,all,94194.0,76.68,84.0,1539.0,51.71,94.0,194.6,143.0,790.22,765.0,27.49,6.0,410.19,364.0,308.86,382.0,71.41,790.0,181.0,97.0,21.2,22.46,33.03,35.0,22.0,27.0,471.0,2.0,1.0,2750000,26
8476341,2023,Anton Forsberg,OTT,G,5on5,76461.0,54.06,62.0,1229.0,38.48,74.0,159.67,107.0,622.88,604.0,21.45,3.0,317.48,281.0,250.89,316.0,51.12,633.0,147.0,61.0,17.54,18.5,18.03,32.0,18.0,12.0,388.0,2.0,1.0,2750000,26
8476341,2023,Anton Forsberg,OTT,G,4on5,6726.0,13.32,17.0,192.0,9.21,14.0,23.27,23.0,104.68,97.0,0.64,0.0,61.48,54.0,32.22,35.0,11.82,105.0,14.0,24.0,2.0,1.69,9.63,2.0,3.0,12.0,49.0,0.0,0.0,2750000,26
8476341,2023,Anton Forsberg,OTT,G,5on4,8179.0,1.82,1.0,25.0,0.83,2.0,2.63,1.0,17.41,23.0,3.99,2.0,5.28,6.0,11.97,13.0,1.81,17.0,2.0,4.0,0.47,0.24,1.11,0.0,0.0,1.0,2.0,0.0,0.0,2750000,26
8480382,2023,Alexandar Georgiev,COL,G,other,6106.0,13.14,15.0,177.0,8.14,13.0,20.01,17.0,98.91,97.0,2.23,0.0,55.39,53.0,29.87,32.0,12.15,77.0,34.0,19.0,2.46,4.48,6.21,4.0,4.0,7.0,47.0,0.0,0.0,3400000,8
8480382,2023,Alexandar Georgiev,COL,G,all,218277.0,187.97,183.0,3488.0,131.04,210.0,444.13,325.0,1871.78,1771.0,65.92,2.0,986.81,849.0,713.88,951.0,175.87,1830.0,470.0,227.0,50.31,58.74,78.93,57.0,60.0,66.0,961.0,4.0,2.0,3400000,8
8480382,2023,Alexandar Georgiev,COL,G,5on5,174519.0,121.12,122.0,2736.0,93.5,146.0,356.2,249.0,1435.68,1334.0,51.55,2.0,761.69,672.0,570.89,756.0,115.53,1473.0,350.0,129.0,40.18,43.87,37.07,51.0,43.0,28.0,784.0,4.0,2.0,3400000,8
8480382,2023,Alexandar Georgiev,COL,G,4on5,18306.0,46.33,41.0,493.0,25.94,44.0,59.55,54.0,280.68,282.0,1.76,0.0,152.25,117.0,79.88,116.0,41.18,236.0,71.0,66.0,6.24,8.38,31.7,2.0,11.0,28.0,120.0,0.0,0.0,3400000,8
8480382,2023,Alexandar Georgiev,COL,G,5on4,19346.0,6.83,5.0,75.0,3.1,7.0,7.51,4.0,51.69,53.0,10.08,0.0,15.39,6.0,31.24,43.0,6.46,40.0,13.0,13.0,1.2,1.69,3.94,0.0,2.0,3.0,9.0,0.0,0.0,3400000,8
8476914,2023,Joonas Korpisalo,OTT,G,other,4356.0,8.25,11.0,115.0,4.99,9.0,13.99,13.0,68.2,67.0,2.2,0.0,36.88,29.0,25.48,29.0,7.22,58.0,24.0,10.0,2.18,2.9,3.17,4.0,5.0,2.0,23.0,0.0,0.0,4000000,26
8476914,2023,Joonas Korpisalo,OTT,G,all,184828.0,151.95,168.0,3072.0,106.03,188.0,388.9,315.0,1581.76,1522.0,57.78,5.0,843.82,731.0,627.45,761.0,143.39,1613.0,376.0,184.0,46.48,47.17,58.3,62.0,67.0,39.0,899.0,0.0,0.0,4000000,26
8476914,2023,Joonas Korpisalo,OTT,G,5on5,148895.0,106.02,115.0,2488.0,80.88,149.0,324.12,259.0,1261.81,1205.0,44.02,4.0,671.73,590.0,509.11,615.0,101.39,1335.0,280.0,121.0,37.88,35.64,32.49,49.0,52.0,14.0,752.0,0.0,0.0,4000000,26
8476914,2023,Joonas Korpisalo,OTT,G,4on5,13452.0,33.91,37.0,402.0,17.99,27.0,44.09,39.0,208.78,205.0,1.47,0.0,120.55,104.0,63.55,79.0,31.14,175.0,66.0,46.0,5.55,7.96,20.41,8.0,8.0,21.0,115.0,0.0,0.0,4000000,26
8476914,2023,Joonas Korpisalo,OTT,G,5on4,18125.0,3.68,4.0,65.0,2.1,3.0,6.49,4.0,41.56,43.0,10.0,1.0,13.89,7.0,28.49,38.0,3.55,43.0,6.0,7.0,0.78,0.66,2.23,0.0,2.0,2.0,9.0,0.0,0.0,4000000,26
8474889,2023,Martin Jones,TOR,G,other,2215.0,4.32,1.0,57.0,2.08,4.0,5.69,6.0,27.98,23.0,0.92,1.0,16.42,14.0,9.47,14.0,4.11,26.0,7.0,6.0,1.12,0.91,2.28,1.0,0.0,0.0,18.0,0.0,0.0,875000,10
8474889,2023,Martin Jones,TOR,G,all,70180.0,62.3,56.0,1196.0,42.44,64.0,148.08,92.0,613.89,574.0,22.7,3.0,341.77,316.0,240.83,327.0,59.04,632.0,153.0,72.0,19.05,19.42,23.84,21.0,21.0,14.0,339.0,0.0,0.0,875000,10
8474889,2023,Martin Jones,TOR,G,5on5,58968.0,45.55,37.0,972.0,32.62,52.0,122.04,69.0,488.7,452.0,18.69,2.0,269.74,254.0,195.86,269.0,43.02,519.0,111.0,53.0,15.43,14.47,15.65,19.0,13.0,5.0,289.0,0.0,0.0,875000,10
8474889,2023,Martin Jones,TOR,G,4on5,4451.0,11.27,14.0,145.0,6.99,7.0,17.89,16.0,82.37,84.0,0.37,0.0,50.39,45.0,25.6,33.0,10.75,72.0,31.0,12.0,2.11,3.51,5.66,0.0,5.0,9.0,30.0,0.0,0.0,875000,10
8474889,2023,Martin Jones,TOR,G,5on4,4546.0,1.03,3.0,21.0,0.68,1.0,2.25,1.0,14.09,14.0,2.71,0.0,4.94,3.0,9.64,11.0,1.03,15.0,3.0,1.0,0.39,0.39,0.25,1.0,2.0,0.0,2.0,0.0,0.0,875000,10
8475809,2023,Scott Wedgewood,DAL,G,other,1525.0,7.55,9.0,69.0,2.82,7.0,7.63,4.0,40.24,35.0,0.53,1.0,21.07,18.0,12.49,15.0,7.02,28.0,12.0,13.0,1.07,1.52,4.97,1.0,3.0,5.0,16.0,0.0,0.0,1000000,2
8475809,2023,Scott Wedgewood,DAL,G,all,107348.0,75.63,85.0,1680.0,56.06,82.0,223.0,193.0,890.72,844.0,32.67,7.0,477.82,397.0,354.75,458.0,73.18,944.0,192.0,81.0,25.35,23.61,26.67,34.0,24.0,27.0,463.0,0.0,0.0,1000000,2
8475809,2023,Scott Wedgewood,DAL,G,5on5,90423.0,52.76,56.0,1372.0,42.55,64.0,189.21,170.0,716.9,678.0,27.68,4.0,381.5,319.0,289.93,370.0,51.37,790.0,135.0,55.0,20.87,16.69,15.2,27.0,15.0,14.0,392.0,0.0,0.0,1000000,2
8475809,2023,Scott Wedgewood,DAL,G,4on5,7258.0,12.14,15.0,192.0,9.11,9.0,21.74,18.0,104.1,101.0,0.54,0.0,65.84,52.0,33.78,51.0,11.64,103.0,33.0,10.0,2.71,3.82,5.61,4.0,4.0,7.0,46.0,0.0,0.0,1000000,2
8475809,2023,Scott Wedgewood,DAL,G,5on4,8142.0,2.29,3.0,38.0,1.28,1.0,3.24,1.0,24.07,24.0,3.77,2.0,7.07,7.0,16.49,19.0,2.27,19.0,10.0,2.0,0.53,1.31,0.45,2.0,1.0,0.0,7.0,0.0,0.0,1000000,2
8476904,2023,Chris Driedger,SEA,G,other,136.0,0.57,0.0,11.0,0.46,1.0,1.39,1.0,5.49,3.0,0.0,0.0,3.8,6.0,1.52,0.0,0.54,6.0,1.0,1.0,0.24,0.12,0.21,0.0,0.0,0.0,3.0,0.0,0.0,3500000,25
8476904,2023,Chris Driedger,SEA,G,all,7175.0,5.85,5.0,125.0,4.58,7.0,16.29,12.0,65.52,60.0,1.96,0.0,38.15,29.0,24.95,39.0,5.68,69.0,18.0,5.0,1.93,2.31,1.62,1.0,3.0,1.0,33.0,0.0,0.0,3500000,25
8476904,2023,Chris Driedger,SEA,G,5on5,6116.0,3.82,3.0,97.0,3.28,5.0,12.9,10.0,51.51,50.0,1.86,0.0,29.98,20.0,21.34,35.0,3.74,58.0,13.0,2.0,1.49,1.68,0.65,1.0,2.0,0.0,24.0,0.0,0.0,3500000,25
8476904,2023,Chris Driedger,SEA,G,4on5,548.0,1.47,2.0,17.0,0.83,1.0,2.0,1.0,8.52,7.0,0.02,0.0,4.37,3.0,2.09,4.0,1.4,5.0,4.0,2.0,0.2,0.51,0.75,0.0,1.0,1.0,6.0,0.0,0.0,3500000,25
8476904,2023,Chris Driedger,SEA,G,5on4,375.0,0.0,0.0,0.0,0.0,0.0,0.0,0.0,0.0,0.0,0.07,0.0,0.0,0.0,0.0,0.0,0.0,0.0,0.0,0.0,0.0,0.0,0.0,0.0,0.0,0.0,0.0,0.0,0.0,3500000,25
8476932,2023,Anthony Stolarz,FLA,G,other,3294.0,7.93,6.0,92.0,4.12,11.0,11.86,9.0,55.5,54.0,1.47,0.0,30.89,31.0,18.14,18.0,6.93,47.0,17.0,11.0,1.67,1.98,4.28,2.0,2.0,2.0,17.0,0.0,0.0,1100000,5
8476932,2023,Anthony Stolarz,FLA,G,all,90387.0,71.07,51.0,1331.0,50.76,104.0,182.93,137.0,743.84,684.0,28.99,3.0,401.18,356.0,290.24,372.0,66.61,755.0,179.0,88.0,20.56,22.33,28.18,19.0,12.0,20.0,309.0,2.0,1.0,1100000,5
8476932,2023,Anthony Stolarz,FLA,G,5on5,70995.0,46.89,28.0,1010.0,35.66,76.0,144.91,116.0,560.88,509.0,21.44,3.0,300.87,257.0,225.25,294.0,44.46,593.0,124.0,56.0,15.9,15.8,15.19,14.0,7.0,7.0,237.0,2.0,1.0,1100000,5
8476932,2023,Anthony Stolarz,FLA,G,4on5,8674.0,14.36,14.0,201.0,9.95,17.0,23.65,12.0,108.02,99.0,0.88,0.0,63.28,61.0,33.03,44.0,13.35,97.0,33.0,18.0,2.53,3.94,7.88,1.0,2.0,11.0,53.0,0.0,0.0,1100000,5
8476932,2023,Anthony Stolarz,FLA,G,5on4,7424.0,1.89,3.0,28.0,1.03,0.0,2.52,0.0,19.45,22.0,5.2,0.0,6.14,7.0,13.83,16.0,1.86,18.0,5.0,3.0,0.45,0.6,0.84,2.0,1.0,0.0,2.0,0.0,0.0,1100000,5
8477424,2023,Juuse Saros,NSH,G,other,6216.0,15.43,13.0,154.0,6.63,13.0,16.28,11.0,85.0,82.0,2.11,0.0,47.43,42.0,24.29,34.0,13.53,56.0,34.0,23.0,2.29,4.2,8.95,4.0,4.0,5.0,41.0,0.0,0.0,5000000,11
8477424,2023,Juuse Saros,NSH,G,all,217478.0,170.03,173.0,3554.0,126.89,199.0,457.8,360.0,1875.13,1845.0,65.55,3.0,999.94,918.0,740.4,906.0,161.57,1921.0,446.0,193.0,52.13,56.4,61.5,66.0,60.0,47.0,994.0,2.0,1.0,5000000,11
8477424,2023,Juuse Saros,NSH,G,5on5,175050.0,119.25,122.0,2838.0,93.66,146.0,376.33,299.0,1476.61,1443.0,51.12,1.0,783.43,721.0,598.12,731.0,115.22,1552.0,347.0,123.0,41.47,44.3,33.49,57.0,47.0,18.0,816.0,2.0,1.0,5000000,11
8477424,2023,Juuse Saros,NSH,G,4on5,17842.0,29.54,31.0,478.0,23.69,38.0,56.3,45.0,256.06,255.0,1.58,1.0,150.38,143.0,80.06,91.0,27.09,258.0,52.0,39.0,6.72,6.17,16.66,3.0,6.0,22.0,129.0,0.0,0.0,5000000,11
8477424,2023,Juuse Saros,NSH,G,5on4,18370.0,4.79,4.0,70.0,2.31,2.0,7.29,5.0,48.34,56.0,10.55,1.0,14.92,8.0,33.2,45.0,4.72,48.0,9.0,7.0,1.34,1.26,2.19,0.0,2.0,2.0,6.0,0.0,0.0,5000000,11
8473503,2023,James Reimer,DET,G,other,1959.0,5.37,3.0,71.0,3.22,2.0,9.53,11.0,43.08,40.0,0.79,0.0,21.13,23.0,15.36,17.0,4.96,35.0,15.0,6.0,1.45,1.76,2.16,1.0,1.0,1.0,15.0,4.0,2.0,1500000,18
8473503,2023,James Reimer,DET,G,all,81161.0,69.75,70.0,1407.0,50.66,79.0,187.86,172.0,758.37,727.0,22.31,1.0,410.48,358.0,298.73,362.0,66.17,774.0,198.0,71.0,22.31,24.71,22.73,27.0,27.0,16.0,364.0,4.0,2.0,1500000,18
8473503,2023,James Reimer,DET,G,5on5,66972.0,46.77,55.0,1089.0,36.06,57.0,149.48,129.0,581.71,551.0,17.37,1.0,316.89,268.0,237.23,295.0,45.1,633.0,131.0,42.0,17.44,16.39,12.93,22.0,23.0,10.0,283.0,0.0,0.0,1500000,18
8473503,2023,James Reimer,DET,G,4on5,6136.0,15.79,12.0,217.0,10.44,15.0,25.8,30.0,115.25,118.0,0.55,0.0,66.98,64.0,33.98,36.0,14.35,90.0,47.0,20.0,2.93,6.0,6.86,4.0,3.0,5.0,60.0,0.0,0.0,1500000,18
8473503,2023,James Reimer,DET,G,5on4,6094.0,1.33,0.0,26.0,0.74,3.0,2.46,2.0,15.35,15.0,3.5,0.0,4.32,3.0,10.68,12.0,1.29,15.0,3.0,2.0,0.44,0.39,0.5,0.0,0.0,0.0,6.0,0.0,0.0,1500000,18
8476883,2023,Andrei Vasilevskiy,TBL,G,other,4253.0,12.93,10.0,132.0,6.67,11.0,14.66,15.0,73.23,72.0,1.16,0.0,40.93,30.0,19.09,29.0,11.24,46.0,28.0,23.0,1.87,3.71,7.36,2.0,3.0,5.0,35.0,0.0,0.0,9500000,13
8476883,2023,Andrei Vasilevskiy,TBL,G,all,183772.0,145.48,148.0,2954.0,104.58,159.0,361.86,265.0,1509.93,1477.0,51.53,6.0,822.78,732.0,594.02,767.0,137.23,1539.0,375.0,166.0,45.65,46.41,53.43,60.0,48.0,40.0,874.0,2.0,1.0,9500000,13
8476883,2023,Andrei Vasilevskiy,TBL,G,5on5,153020.0,101.03,111.0,2383.0,77.77,126.0,299.17,220.0,1196.36,1170.0,40.62,5.0,648.46,570.0,485.77,621.0,97.48,1276.0,270.0,107.0,36.84,33.41,30.78,51.0,38.0,22.0,730.0,2.0,1.0,9500000,13
8476883,2023,Andrei Vasilevskiy,TBL,G,4on5,13922.0,26.71,22.0,373.0,17.92,20.0,41.73,30.0,196.96,188.0,1.92,0.0,118.68,118.0,61.48,81.0,23.89,177.0,65.0,31.0,5.43,7.74,13.54,5.0,6.0,11.0,100.0,0.0,0.0,9500000,13
8476883,2023,Andrei Vasilevskiy,TBL,G,5on4,12577.0,3.45,4.0,55.0,1.73,2.0,4.88,0.0,34.94,39.0,7.75,1.0,11.11,9.0,23.8,31.0,3.38,32.0,10.0,4.0,1.15,1.23,1.07,2.0,1.0,1.0,9.0,0.0,0.0,9500000,13
8480992,2023,Magnus Chrona,SJS,G,other,855.0,1.67,1.0,27.0,0.56,0.0,1.61,1.0,8.95,8.0,0.17,0.0,4.25,3.0,3.61,7.0,1.62,7.0,1.0,4.0,0.22,0.2,1.25,1.0,0.0,0.0,15.0,0.0,0.0,867500,32
8480992,2023,Magnus Chrona,SJS,G,all,28275.0,29.38,37.0,525.0,19.38,31.0,64.66,55.0,270.66,262.0,7.98,1.0,151.15,136.0,105.98,120.0,26.69,268.0,77.0,35.0,8.03,9.82,11.53,17.0,8.0,12.0,145.0,0.0,0.0,867500,32
8480992,2023,Magnus Chrona,SJS,G,5on5,23488.0,19.41,31.0,400.0,14.15,24.0,51.55,46.0,210.37,202.0,6.78,1.0,116.11,98.0,85.5,94.0,18.64,224.0,49.0,21.0,6.72,6.04,6.66,14.0,6.0,11.0,106.0,0.0,0.0,867500,32
8480992,2023,Magnus Chrona,SJS,G,4on5,1839.0,7.66,5.0,91.0,4.38,7.0,10.7,8.0,46.71,47.0,0.09,0.0,29.02,32.0,13.58,15.0,5.79,32.0,26.0,9.0,0.91,3.42,3.32,2.0,2.0,1.0,24.0,0.0,0.0,867500,32
8480992,2023,Magnus Chrona,SJS,G,5on4,2093.0,0.64,0.0,7.0,0.3,0.0,0.8,0.0,4.63,5.0,0.94,0.0,1.76,3.0,3.3,4.0,0.64,5.0,1.0,1.0,0.17,0.16,0.31,0.0,0.0,0.0,0.0,0.0,0.0,867500,32
8478499,2023,Adin Hill,VGK,G,other,2019.0,6.14,7.0,74.0,3.1,3.0,8.05,6.0,39.51,39.0,0.69,0.0,22.44,23.0,11.78,14.0,5.44,33.0,11.0,9.0,1.24,1.3,3.59,3.0,2.0,2.0,21.0,0.0,0.0,4900000,14
8478499,2023,Adin Hill,VGK,G,all,118129.0,95.4,89.0,2102.0,72.44,103.0,259.28,228.0,1053.6,979.0,34.21,1.0,579.94,518.0,418.67,521.0,90.28,1122.0,237.0,103.0,31.93,28.66,34.81,36.0,30.0,23.0,640.0,0.0,0.0,4900000,14
8478499,2023,Adin Hill,VGK,G,5on5,98131.0,67.33,68.0,1711.0,55.35,80.0,215.71,188.0,841.66,782.0,27.78,1.0,463.48,414.0,342.1,420.0,64.57,924.0,188.0,61.0,26.26,23.13,17.94,32.0,24.0,12.0,538.0,0.0,0.0,4900000,14
8478499,2023,Adin Hill,VGK,G,4on5,8676.0,18.58,9.0,268.0,12.21,17.0,30.41,31.0,141.04,122.0,0.73,0.0,83.08,74.0,44.03,62.0,16.95,136.0,28.0,29.0,3.5,3.11,11.97,0.0,2.0,7.0,75.0,0.0,0.0,4900000,14
8478499,2023,Adin Hill,VGK,G,5on4,9303.0,2.54,5.0,43.0,1.47,2.0,4.3,3.0,26.62,31.0,4.74,0.0,9.09,7.0,18.73,20.0,2.53,27.0,7.0,3.0,0.8,0.73,1.01,1.0,2.0,2.0,6.0,0.0,0.0,4900000,14
8475789,2023,Jack Campbell,EDM,G,other,475.0,0.96,1.0,6.0,0.32,0.0,1.02,0.0,4.82,4.0,0.11,0.0,2.04,1.0,1.49,4.0,0.96,3.0,1.0,2.0,0.2,0.08,0.68,0.0,0.0,1.0,0.0,0.0,0.0,5000000,9
8475789,2023,Jack Campbell,EDM,G,all,16007.0,16.45,20.0,250.0,10.36,14.0,35.04,42.0,150.97,157.0,4.33,1.0,79.8,70.0,56.47,56.0,15.79,134.0,50.0,19.0,4.29,6.18,5.98,3.0,9.0,8.0,47.0,0.0,0.0,5000000,9
8475789,2023,Jack Campbell,EDM,G,5on5,12676.0,11.01,15.0,188.0,7.65,13.0,28.65,35.0,119.04,124.0,3.35,1.0,61.26,51.0,45.7,43.0,10.65,110.0,36.0,12.0,3.24,4.45,3.32,1.0,8.0,6.0,30.0,0.0,0.0,5000000,9
8475789,2023,Jack Campbell,EDM,G,4on5,1650.0,4.03,3.0,53.0,2.26,1.0,5.09,7.0,24.67,27.0,0.13,0.0,15.83,17.0,7.87,8.0,3.73,19.0,13.0,4.0,0.76,1.65,1.62,1.0,1.0,1.0,17.0,0.0,0.0,5000000,9
8475789,2023,Jack Campbell,EDM,G,5on4,1206.0,0.45,1.0,3.0,0.13,0.0,0.28,0.0,2.43,2.0,0.74,0.0,0.67,1.0,1.41,1.0,0.45,2.0,0.0,1.0,0.1,0.0,0.35,1.0,0.0,0.0,0.0,0.0,0.0,5000000,9
8476316,2023,Laurent Brossoit,WPG,G,other,1978.0,6.33,2.0,84.0,3.52,5.0,9.13,8.0,41.58,38.0,0.45,1.0,23.53,24.0,10.9,15.0,5.47,34.0,9.0,12.0,1.2,1.12,4.01,1.0,1.0,0.0,29.0,0.0,0.0,1750000,4
8476316,2023,Laurent Brossoit,WPG,G,all,81062.0,58.07,45.0,1329.0,45.07,67.0,166.32,129.0,666.74,620.0,24.26,4.0,366.88,357.0,262.67,323.0,55.27,710.0,147.0,65.0,19.27,18.07,20.73,17.0,14.0,14.0,407.0,2.0,1.0,1750000,4
8476316,2023,Laurent Brossoit,WPG,G,5on5,67918.0,41.44,29.0,1057.0,33.25,51.0,137.05,105.0,529.48,493.0,20.97,2.0,286.97,281.0,215.18,266.0,39.84,579.0,112.0,41.0,15.74,13.82,11.89,15.0,7.0,7.0,325.0,2.0,1.0,1750000,4
8476316,2023,Laurent Brossoit,WPG,G,4on5,5495.0,9.51,13.0,172.0,7.78,11.0,18.59,14.0,84.16,77.0,0.4,0.0,52.92,51.0,28.22,31.0,9.17,85.0,23.0,12.0,1.91,2.77,4.83,1.0,5.0,7.0,52.0,0.0,0.0,1750000,4
8476316,2023,Laurent Brossoit,WPG,G,5on4,5671.0,0.79,1.0,16.0,0.53,0.0,1.55,2.0,11.51,12.0,2.45,1.0,3.45,1.0,8.37,11.0,0.79,12.0,3.0,0.0,0.43,0.35,0.0,0.0,1.0,0.0,1.0,0.0,0.0,1750000,4
8476412,2023,Jordan Binnington,STL,G,other,4306.0,10.32,7.0,136.0,4.9,5.0,12.57,12.0,68.27,62.0,1.74,1.0,39.41,44.0,24.44,25.0,9.9,58.0,23.0,13.0,2.53,3.01,4.77,1.0,3.0,3.0,42.0,0.0,0.0,6000000,16
8476412,2023,Jordan Binnington,STL,G,all,197489.0,172.5,156.0,3525.0,128.9,189.0,453.35,395.0,1873.05,1786.0,52.69,4.0,1013.87,899.0,740.31,924.0,164.58,1865.0,531.0,177.0,50.52,66.09,55.88,56.0,61.0,39.0,952.0,8.0,4.0,6000000,16
8476412,2023,Jordan Binnington,STL,G,5on5,162796.0,128.72,116.0,2862.0,96.81,150.0,375.75,334.0,1499.37,1442.0,40.96,2.0,808.19,705.0,606.14,754.0,122.78,1523.0,421.0,123.0,41.26,52.13,35.32,51.0,47.0,18.0,795.0,8.0,4.0,6000000,16
8476412,2023,Jordan Binnington,STL,G,4on5,14905.0,27.08,29.0,450.0,24.15,31.0,56.52,43.0,251.69,227.0,1.51,0.0,148.48,141.0,78.16,99.0,25.7,244.0,67.0,32.0,5.47,8.28,13.33,3.0,11.0,15.0,107.0,0.0,0.0,6000000,16
8476412,2023,Jordan Binnington,STL,G,5on4,15482.0,4.8,3.0,60.0,2.36,2.0,6.75,3.0,43.41,44.0,8.12,1.0,13.26,7.0,27.46,41.0,4.67,35.0,14.0,7.0,1.02,1.94,1.84,0.0,0.0,3.0,4.0,0.0,0.0,6000000,16
8482137,2023,Yaroslav Askarov,NSH,G,other,126.0,0.48,0.0,11.0,0.34,0.0,1.14,0.0,4.97,4.0,0.13,0.0,2.79,5.0,2.08,0.0,0.44,4.0,3.0,0.0,0.11,0.37,0.0,0.0,0.0,0.0,4.0,0.0,0.0,925000,11
8482137,2023,Yaroslav Askarov,NSH,G,all,4900.0,3.86,2.0,80.0,2.54,5.0,9.58,6.0,39.38,35.0,1.68,0.0,20.88,26.0,16.64,14.0,3.62,38.0,12.0,5.0,1.08,1.41,1.36,1.0,0.0,1.0,25.0,0.0,0.0,925000,11
8482137,2023,Yaroslav Askarov,NSH,G,5on5,4242.0,3.32,2.0,65.0,2.16,5.0,8.15,5.0,32.76,29.0,1.47,0.0,17.6,21.0,13.49,13.0,3.12,32.0,9.0,5.0,0.92,1.04,1.36,1.0,0.0,1.0,19.0,0.0,0.0,925000,11
8482137,2023,Yaroslav Askarov,NSH,G,4on5,360.0,0.0,0.0,2.0,0.0,0.0,0.0,0.0,0.0,0.0,0.02,0.0,0.0,0.0,0.0,0.0,0.0,0.0,0.0,0.0,0.0,0.0,0.0,0.0,0.0,0.0,2.0,0.0,0.0,925000,11
8482137,2023,Yaroslav Askarov,NSH,G,5on4,172.0,0.06,0.0,2.0,0.05,0.0,0.28,1.0,1.65,2.0,0.05,0.0,0.48,0.0,1.07,1.0,0.06,2.0,0.0,0.0,0.06,0.0,0.0,0.0,0.0,0.0,0.0,0.0,0.0,925000,11
8478435,2023,Dan Vladar,CGY,G,other,2013.0,4.88,3.0,47.0,1.72,4.0,5.18,7.0,25.73,28.0,1.08,3.0,13.05,13.0,8.37,7.0,3.13,19.0,8.0,7.0,0.73,0.89,3.27,1.0,1.0,1.0,13.0,0.0,0.0,2200000,24
8478435,2023,Dan Vladar,CGY,G,all,67711.0,55.48,68.0,1191.0,40.55,46.0,146.69,127.0,608.16,574.0,19.37,5.0,330.69,302.0,243.63,293.0,52.09,611.0,182.0,44.0,17.76,22.35,15.36,31.0,26.0,11.0,354.0,0.0,0.0,2200000,24
8478435,2023,Dan Vladar,CGY,G,5on5,55052.0,39.48,54.0,960.0,30.65,32.0,120.27,104.0,480.99,455.0,14.6,2.0,263.0,240.0,195.58,235.0,38.34,495.0,144.0,26.0,13.58,17.82,8.08,26.0,23.0,5.0,295.0,0.0,0.0,2200000,24
8478435,2023,Dan Vladar,CGY,G,4on5,5031.0,9.14,10.0,144.0,6.98,8.0,17.1,14.0,78.14,70.0,0.58,0.0,45.77,40.0,24.59,33.0,8.69,72.0,26.0,8.0,2.58,3.21,3.34,3.0,2.0,5.0,38.0,0.0,0.0,2200000,24
8478435,2023,Dan Vladar,CGY,G,5on4,5615.0,0.96,1.0,22.0,0.58,1.0,2.25,2.0,13.8,15.0,2.49,0.0,4.46,6.0,10.3,9.0,0.96,16.0,1.0,2.0,0.43,0.1,0.43,1.0,0.0,0.0,3.0,0.0,0.0,2200000,24
8481544,2023,Mads Sogaard,OTT,G,other,628.0,0.12,0.0,9.0,0.14,0.0,0.53,1.0,2.16,2.0,0.24,0.0,1.41,1.0,0.72,1.0,0.12,3.0,0.0,0.0,0.12,0.0,0.0,0.0,0.0,0.0,6.0,0.0,0.0,925000,26
8481544,2023,Mads Sogaard,OTT,G,all,16894.0,8.71,19.0,258.0,7.89,6.0,31.26,29.0,126.19,135.0,5.39,0.0,69.02,67.0,52.67,53.0,8.56,142.0,26.0,6.0,4.13,2.96,1.62,12.0,5.0,2.0,84.0,0.0,0.0,925000,26
8481544,2023,Mads Sogaard,OTT,G,5on5,13311.0,6.6,16.0,199.0,5.89,6.0,25.88,23.0,99.49,104.0,4.37,0.0,53.96,50.0,42.04,43.0,6.47,114.0,21.0,3.0,3.39,2.45,0.76,10.0,5.0,1.0,61.0,0.0,0.0,925000,26
8481544,2023,Mads Sogaard,OTT,G,4on5,1601.0,1.72,3.0,44.0,1.72,0.0,4.34,5.0,19.82,25.0,0.17,0.0,12.38,15.0,6.21,4.0,1.7,21.0,3.0,3.0,0.58,0.28,0.86,2.0,0.0,1.0,17.0,0.0,0.0,925000,26
8481544,2023,Mads Sogaard,OTT,G,5on4,1354.0,0.27,0.0,6.0,0.14,0.0,0.5,0.0,4.72,4.0,0.61,0.0,1.28,1.0,3.7,5.0,0.27,4.0,2.0,0.0,0.04,0.23,0.0,0.0,0.0,0.0,0.0,0.0,0.0,925000,26
8477361,2023,Cal Petersen,PHI,G,other,258.0,0.08,0.0,5.0,0.11,1.0,0.62,1.0,2.37,2.0,0.02,0.0,1.19,0.0,0.92,1.0,0.08,3.0,0.0,0.0,0.08,0.0,0.0,0.0,0.0,0.0,2.0,0.0,0.0,5000000,21
8477361,2023,Cal Petersen,PHI,G,all,16615.0,12.68,18.0,284.0,9.12,19.0,34.18,23.0,139.06,132.0,4.73,0.0,74.9,67.0,57.3,66.0,11.99,149.0,28.0,16.0,3.87,3.73,5.09,10.0,5.0,3.0,91.0,0.0,0.0,5000000,21
8477361,2023,Cal Petersen,PHI,G,5on5,12620.0,9.12,15.0,227.0,6.79,15.0,28.19,15.0,110.64,103.0,3.6,0.0,59.52,54.0,46.56,55.0,8.82,120.0,25.0,9.0,3.13,3.32,2.68,9.0,4.0,2.0,73.0,0.0,0.0,5000000,21
8477361,2023,Cal Petersen,PHI,G,4on5,1614.0,3.04,3.0,44.0,1.92,3.0,4.65,6.0,21.22,22.0,0.21,0.0,12.31,11.0,6.36,6.0,2.65,20.0,3.0,6.0,0.43,0.41,2.2,1.0,1.0,1.0,15.0,0.0,0.0,5000000,21
8477361,2023,Cal Petersen,PHI,G,5on4,2123.0,0.44,0.0,8.0,0.3,0.0,0.72,1.0,4.83,5.0,0.91,0.0,1.89,2.0,3.47,4.0,0.44,6.0,0.0,1.0,0.23,0.0,0.21,0.0,0.0,0.0,1.0,0.0,0.0,5000000,21
8478024,2023,Ville Husso,DET,G,other,2005.0,3.69,4.0,44.0,1.77,2.0,5.64,2.0,27.13,22.0,0.8,0.0,13.48,13.0,10.52,15.0,3.59,22.0,10.0,4.0,0.93,1.26,1.49,0.0,2.0,2.0,8.0,0.0,0.0,4750000,18
8478024,2023,Ville Husso,DET,G,all,60775.0,55.06,60.0,1136.0,41.96,72.0,150.74,104.0,604.64,556.0,17.11,3.0,327.23,303.0,236.53,294.0,52.37,624.0,150.0,59.0,18.3,19.29,17.47,25.0,24.0,11.0,303.0,0.0,0.0,4750000,18
8478024,2023,Ville Husso,DET,G,5on5,47727.0,36.49,40.0,875.0,29.29,48.0,118.31,85.0,453.15,414.0,13.27,3.0,250.09,232.0,180.79,226.0,34.97,488.0,110.0,33.0,13.76,13.91,8.82,18.0,19.0,3.0,244.0,0.0,0.0,4750000,18
8478024,2023,Ville Husso,DET,G,4on5,5324.0,12.31,11.0,183.0,9.77,20.0,23.12,14.0,99.35,93.0,0.49,0.0,56.41,57.0,28.53,32.0,11.29,89.0,26.0,19.0,2.74,3.54,6.03,4.0,2.0,5.0,49.0,0.0,0.0,4750000,18
8478024,2023,Ville Husso,DET,G,5on4,5719.0,2.49,5.0,33.0,1.07,2.0,3.56,2.0,24.26,26.0,2.48,0.0,6.9,1.0,16.3,21.0,2.46,24.0,4.0,3.0,0.79,0.57,1.13,3.0,1.0,1.0,2.0,0.0,0.0,4750000,18
8479361,2023,Joseph Woll,TOR,G,other,1376.0,5.78,2.0,66.0,2.72,3.0,6.54,7.0,33.03,32.0,0.47,0.0,18.67,20.0,9.01,12.0,4.93,19.0,19.0,6.0,0.76,2.46,2.56,1.0,1.0,0.0,22.0,0.0,0.0,766666,10
8479361,2023,Joseph Woll,TOR,G,all,88299.0,79.17,72.0,1537.0,56.37,91.0,194.99,156.0,802.71,772.0,27.29,5.0,426.94,382.0,309.09,387.0,74.98,786.0,212.0,96.0,22.72,25.96,30.49,30.0,23.0,19.0,443.0,0.0,0.0,766666,10
8479361,2023,Joseph Woll,TOR,G,5on5,73662.0,54.99,56.0,1201.0,41.15,72.0,155.53,119.0,615.14,587.0,21.79,4.0,326.78,279.0,241.61,311.0,52.79,620.0,160.0,61.0,17.92,19.48,17.6,27.0,18.0,11.0,360.0,0.0,0.0,766666,10
8479361,2023,Joseph Woll,TOR,G,4on5,6462.0,14.66,11.0,212.0,10.29,14.0,26.38,22.0,116.76,112.0,0.44,0.0,67.76,73.0,35.96,37.0,13.65,112.0,24.0,23.0,2.91,2.92,8.83,2.0,2.0,7.0,53.0,0.0,0.0,766666,10
8479361,2023,Joseph Woll,TOR,G,5on4,6799.0,1.76,2.0,36.0,1.24,0.0,3.76,2.0,23.75,23.0,4.24,1.0,8.17,6.0,16.26,22.0,1.75,26.0,3.0,3.0,0.67,0.36,0.73,0.0,1.0,1.0,4.0,0.0,0.0,766666,10
8479292,2023,Charlie Lindgren,WSH,G,other,4037.0,9.83,8.0,130.0,5.13,8.0,13.09,17.0,64.12,60.0,1.31,0.0,37.64,26.0,18.96,28.0,8.67,41.0,34.0,12.0,1.65,4.06,4.12,4.0,4.0,0.0,43.0,0.0,0.0,1100000,17
8479292,2023,Charlie Lindgren,WSH,G,all,171143.0,137.54,127.0,2996.0,103.02,127.0,375.08,343.0,1532.75,1431.0,44.07,6.0,834.4,718.0,607.4,790.0,131.87,1592.0,372.0,145.0,44.26,47.23,46.06,50.0,53.0,24.0,887.0,0.0,0.0,1100000,17
8479292,2023,Charlie Lindgren,WSH,G,5on5,141752.0,98.35,92.0,2385.0,76.6,89.0,306.57,285.0,1211.85,1120.0,34.92,5.0,652.54,570.0,493.5,629.0,95.83,1288.0,284.0,96.0,35.86,36.48,26.01,42.0,41.0,9.0,717.0,0.0,0.0,1100000,17
8479292,2023,Charlie Lindgren,WSH,G,4on5,12271.0,26.34,23.0,413.0,19.31,27.0,49.06,35.0,218.68,205.0,0.85,0.0,130.65,118.0,68.2,97.0,24.38,222.0,44.0,35.0,5.57,5.32,15.45,2.0,6.0,15.0,112.0,0.0,0.0,1100000,17
8479292,2023,Charlie Lindgren,WSH,G,5on4,13083.0,2.61,4.0,57.0,1.68,3.0,5.18,3.0,31.56,37.0,6.35,1.0,10.82,4.0,22.59,30.0,2.58,33.0,9.0,2.0,0.91,1.21,0.48,2.0,2.0,0.0,13.0,0.0,0.0,1100000,17
8475311,2023,Darcy Kuemper,WSH,G,other,2403.0,5.22,5.0,89.0,3.77,4.0,10.35,1.0,49.68,44.0,0.86,0.0,28.1,43.0,17.77,14.0,5.0,45.0,18.0,4.0,1.69,2.15,1.38,2.0,2.0,1.0,22.0,0.0,0.0,5250000,17
8475311,2023,Darcy Kuemper,WSH,G,all,111992.0,98.21,103.0,1936.0,67.76,108.0,247.88,148.0,1006.64,940.0,31.88,5.0,539.67,509.0,398.18,516.0,91.87,1030.0,238.0,118.0,29.98,30.03,38.2,39.0,37.0,27.0,550.0,0.0,0.0,5250000,17
8475311,2023,Darcy Kuemper,WSH,G,5on5,91917.0,67.49,72.0,1517.0,49.31,87.0,200.81,122.0,781.05,731.0,25.24,3.0,417.73,380.0,317.1,416.0,64.57,833.0,168.0,78.0,23.68,21.55,22.26,31.0,28.0,13.0,438.0,0.0,0.0,5250000,17
8475311,2023,Darcy Kuemper,WSH,G,4on5,9483.0,22.47,24.0,287.0,13.18,17.0,32.08,23.0,146.88,136.0,0.63,0.0,84.25,75.0,44.98,63.0,19.31,129.0,43.0,30.0,4.05,5.22,13.2,6.0,7.0,11.0,85.0,0.0,0.0,5250000,17
8475311,2023,Darcy Kuemper,WSH,G,5on4,8189.0,2.35,0.0,37.0,1.34,0.0,3.89,2.0,25.71,25.0,5.0,2.0,8.57,11.0,17.04,21.0,2.3,22.0,9.0,3.0,0.55,1.11,0.7,0.0,0.0,0.0,3.0,0.0,0.0,5250000,17
8482821,2023,Arvid Soderblom,CHI,G,other,2062.0,5.39,6.0,59.0,2.96,4.0,7.3,8.0,37.14,37.0,0.79,0.0,20.54,17.0,11.59,14.0,4.44,25.0,17.0,7.0,0.82,2.25,2.32,2.0,2.0,2.0,10.0,0.0,0.0,962500,31
8482821,2023,Arvid Soderblom,CHI,G,all,104660.0,95.77,114.0,1867.0,67.98,102.0,230.64,161.0,971.78,943.0,26.17,2.0,535.0,441.0,382.45,520.0,91.05,962.0,280.0,103.0,29.22,34.7,31.86,46.0,44.0,24.0,522.0,0.0,0.0,962500,31
8482821,2023,Arvid Soderblom,CHI,G,5on5,86552.0,70.1,87.0,1550.0,53.4,85.0,196.36,131.0,797.98,768.0,21.14,2.0,436.59,360.0,323.24,438.0,67.41,823.0,213.0,71.0,24.67,26.19,19.24,41.0,36.0,10.0,443.0,0.0,0.0,962500,31
8482821,2023,Arvid Soderblom,CHI,G,4on5,8267.0,18.16,21.0,227.0,10.61,13.0,24.53,22.0,119.97,124.0,0.81,0.0,71.55,60.0,37.11,49.0,17.25,99.0,45.0,22.0,3.33,5.52,9.31,3.0,6.0,12.0,61.0,0.0,0.0,962500,31
8482821,2023,Arvid Soderblom,CHI,G,5on4,7779.0,1.8,0.0,28.0,0.86,0.0,2.11,0.0,14.49,13.0,3.33,0.0,5.15,2.0,9.55,18.0,1.69,14.0,3.0,3.0,0.36,0.46,0.99,0.0,0.0,0.0,8.0,0.0,0.0,962500,31
